/*
 Navicat Premium Data Transfer

 Source Server         : local
 Source Server Type    : MySQL
 Source Server Version : 100416
 Source Host           : localhost:3306
 Source Schema         : qlbh

 Target Server Type    : MySQL
 Target Server Version : 100416
 File Encoding         : 65001

 Date: 23/01/2021 18:42:16
*/

SET NAMES utf8mb4;
SET FOREIGN_KEY_CHECKS = 0;

-- ----------------------------
-- Table structure for categories
-- ----------------------------
DROP TABLE IF EXISTS `categories`;
CREATE TABLE `categories`  (
  `CatID` int(11) UNSIGNED NOT NULL AUTO_INCREMENT,
  `CatName` varchar(50) CHARACTER SET utf8 COLLATE utf8_unicode_ci NOT NULL,
  PRIMARY KEY (`CatID`) USING BTREE
) ENGINE = MyISAM AUTO_INCREMENT = 25 CHARACTER SET = utf8 COLLATE = utf8_unicode_ci ROW_FORMAT = Dynamic;

-- ----------------------------
-- Records of categories
-- ----------------------------
INSERT INTO `categories` VALUES (1, 'Công nghệ thông tin');
INSERT INTO `categories` VALUES (2, 'Nhạc cụ');
INSERT INTO `categories` VALUES (3, 'Thiết kế');
INSERT INTO `categories` VALUES (4, 'Nghệ thuật - đời sống');
INSERT INTO `categories` VALUES (5, 'Phong thủy/ Nhân tướng học');

-- ----------------------------
-- Table structure for childcategories
-- ----------------------------
DROP TABLE IF EXISTS `childcategories`;
CREATE TABLE `childcategories`  (
  `ChildCatID` int(11) UNSIGNED NOT NULL AUTO_INCREMENT,
  `ChildCatName` varchar(50) CHARACTER SET utf8 COLLATE utf8_general_ci NOT NULL,
  `CatID` int(11) NOT NULL,
  PRIMARY KEY (`ChildCatID`) USING BTREE
) ENGINE = InnoDB AUTO_INCREMENT = 20 CHARACTER SET = utf8 COLLATE = utf8_general_ci ROW_FORMAT = Dynamic;

-- ----------------------------
-- Records of childcategories
-- ----------------------------
INSERT INTO `childcategories` VALUES (1, 'Mobile/ App', 1);
INSERT INTO `childcategories` VALUES (2, 'Web development', 1);
INSERT INTO `childcategories` VALUES (3, 'Cơ sở dữ liệu', 1);
INSERT INTO `childcategories` VALUES (4, 'Bảo mật', 1);
INSERT INTO `childcategories` VALUES (5, 'Thiết bị điện tử', 1);
INSERT INTO `childcategories` VALUES (6, 'Nhạc cụ', 2);
INSERT INTO `childcategories` VALUES (7, 'Sản xuất và sáng tác', 2);
INSERT INTO `childcategories` VALUES (8, 'Luyện thanh', 2);
INSERT INTO `childcategories` VALUES (9, '3D, Animation', 3);
INSERT INTO `childcategories` VALUES (10, 'Kiến trúc, nội thất', 3);
INSERT INTO `childcategories` VALUES (11, 'Tư duy thiết kế', 3);
INSERT INTO `childcategories` VALUES (12, 'Thiết kế đồ họa', 3);
INSERT INTO `childcategories` VALUES (13, 'Phần mền thiết kế', 3);
INSERT INTO `childcategories` VALUES (14, 'Làm đẹp', 4);
INSERT INTO `childcategories` VALUES (15, 'Giải trí', 4);
INSERT INTO `childcategories` VALUES (16, 'Nấu ăn - pha chế', 4);
INSERT INTO `childcategories` VALUES (17, 'Sức khỏe tinh thần', 4);
INSERT INTO `childcategories` VALUES (18, 'Phong thủy', 5);
INSERT INTO `childcategories` VALUES (19, 'Nhân tướng học', 5);

-- ----------------------------
-- Table structure for orderdetails
-- ----------------------------
DROP TABLE IF EXISTS `orderdetails`;
CREATE TABLE `orderdetails`  (
  `ID` int(11) UNSIGNED NOT NULL AUTO_INCREMENT,
  `OrderID` int(11) NOT NULL,
  `ProID` int(11) NOT NULL,
  `Quantity` int(11) NOT NULL,
  `Price` bigint(20) NOT NULL,
  `Amount` int(11) NOT NULL,
  PRIMARY KEY (`ID`) USING BTREE
) ENGINE = MyISAM AUTO_INCREMENT = 1 CHARACTER SET = utf8 COLLATE = utf8_unicode_ci ROW_FORMAT = Fixed;

-- ----------------------------
-- Table structure for orders
-- ----------------------------
DROP TABLE IF EXISTS `orders`;
CREATE TABLE `orders`  (
  `OrderID` int(11) UNSIGNED NOT NULL AUTO_INCREMENT,
  `OrderDate` datetime(0) NOT NULL,
  `UserID` int(11) NOT NULL,
  `Total` bigint(20) NOT NULL,
  PRIMARY KEY (`OrderID`) USING BTREE
) ENGINE = MyISAM AUTO_INCREMENT = 1 CHARACTER SET = utf8 COLLATE = utf8_unicode_ci ROW_FORMAT = Fixed;

-- ----------------------------
-- Table structure for products
-- ----------------------------
DROP TABLE IF EXISTS `products`;
CREATE TABLE `products`  (
  `ProID` int(11) UNSIGNED NOT NULL AUTO_INCREMENT,
  `ProName` varchar(100) CHARACTER SET utf8 COLLATE utf8_unicode_ci NOT NULL,
  `TinyDes` varchar(100) CHARACTER SET utf8 COLLATE utf8_unicode_ci NOT NULL,
  `FullDes` text CHARACTER SET utf8 COLLATE utf8_unicode_ci NOT NULL,
  `Price` int(11) NOT NULL,
  `CatID` int(11) NOT NULL,
  PRIMARY KEY (`ProID`) USING BTREE,
  FULLTEXT INDEX `ProName`(`ProName`)
) ENGINE = MyISAM AUTO_INCREMENT = 51 CHARACTER SET = utf8 COLLATE = utf8_unicode_ci ROW_FORMAT = Dynamic;

-- ----------------------------
-- Records of products
-- ----------------------------
INSERT INTO `products` VALUES (1, 'Lập trình ứng dụng Android trong 6 tuần', 'Lập trình và xây dựng ứng dụng Android từ cơ bản đến nâng cao\r\n', '   <p>Nội dung khoá học lập trình app bao gồm:</p>\r\n    <ul>\r\n        <li>Tìm hiểu cơ bản về ngôn ngữ lập trình Java (Từ định nghĩa đến kiểu dữ liệu, biến, câu lệnh, mảng, chuỗi ... cấu trúc điều khiển trong Java, phương thức, lớp....)</li>\r\n        <li>Cung cấp những kiến thức cốt lõi cơ bản về 1 ứng dụng Android bằng cách nói về vòng đời của một ứng dụng</li>\r\n        <li>Cung cấp kiến thức về thành phần cơ bản cấu thành nên ứng dụng Android (Activity + intent + content provider + service)</li>\r\n        <li>Hướng dẫn thực hành tạo ứng dụng Android: ứng dụng quản lý, ứng dụng media, ứng dụng trên Google Play.</li>\r\n    </ul>   \r\n<b>Lợi ích từ khoá học</b>\r\n    <ul>\r\n        <li>Có được kiến thức toàn diện về ngôn ngữ lập trình Java.</li>\r\n        <li>Nắm rõ những kiến thức về lập trình ứng dụng Android từ cơ bản đến nâng cao.</li>\r\n        <li>Có khả năng tạo được những ứng dụng Android, ứng dụng game Android.</li>\r\n    </ul>\r\n\r\n<b>Phù hợp với</b>\r\n    <ul>\r\n        <li>Sinh viên không học CNTT muốn tìm cơ hội việc làm khác trong lĩnh vực CNTT.</li>\r\n        <li>Những bạn có đam mê, yêu thích lĩnh vực lập trình ứng dụng Android.</li>        \r\n    </ul>', 699000, 1);
INSERT INTO `products` VALUES (2, 'Xây dựng Single-Page Web App với AngularJS Routing', 'Hướng dẫn xây dựng ứng dụng web SPA với AngularJS với phương pháp routing', ' <p>Các ứng dụng Single Page ngày càng trở nên phổ biến. Khi ứng dụng của chúng ta lớn dần, việc đặt tất cả các views vào trong một file sẽ khiến chúng ta rất khó quản lý. Việc chia nhỏ chúng vào trong Views và sử dụng Routing để tải các phần khác nhau của ứng dụng giúp chúng ta phân chia ứng dụng hợp lý và quản lý dễ dàng hơn. Bạn code web nhẹ nhành nhưng hiệu quả hơn nhiều so với phương pháp lập trình web truyền thống.</p>\r\n    <p>Tất cả sẽ có được khi bạn hoàn thành khóa học: \"Xây dựng Sigle - Page App với AngularJS Routing\". Cụ thể: </p>\r\n    <ul>\r\n       <li>Chỉ dẫn cụ thể từng bước để tạo ra ứng dụng web SPA đa dụng</li>\r\n       <li>Tận dụng được tối đa ưu điểm của AngularJS Routing để quản lý ứng dụng </li>\r\n       <li>Code trực tiếp trên project thực tế</li>\r\n       <li>Thoải mái luyện tập với hệ thống bài thực hành đa dạng</li>\r\n    </ul>   \r\n<b>Lợi ích từ khoá học</b>\r\n    <ul>\r\n        <li>Nắm chắc những khái niệm SPA, AngularJS</li>\r\n        <li>Thành thạo 2 phương pháp routing trong AngularJS</li>\r\n        <li>Hướng dẫn xây dựng ứng dụng web SPA với AngularJS với phương pháp routing.</li>\r\n        <li>Tạo được ứng dụng SPA có thực và chạy mượt mà.</li>\r\n    </ul>\r\n\r\n<b>Phù hợp với</b>\r\n    <ul>\r\n        <li>Lập trình viên web và các bạn có hứng thú tìm hiểu AngularJS</li>\r\n        <li>Những bạn có kiến thức cơ bản về các ngôn ngữ lập trình khác như: HTML, CSS...</li>\r\n        <li>Nếu bạn muốn trở thành lập trình viên cập nhật xu hướng kịp thời.</li>\r\n    </ul>', 300000, 1);
INSERT INTO `products` VALUES (3, 'Tự học lập trình website chỉ trong 6 tuần', 'Tự Xây Dựng 10 Trang Web Chỉ Trong 6 Tuần', '<p>Trong một thế giới mà công nghệ thông tin đang ngày càng trở nên quan trọng, hẳn bạn đã từng trầm trồ trước những nhà lập trình khi họ có thể dễ dàng lập trình nên những trang web đầy tiện ích mà bạn vẫn sử dụng hằng ngày. Vậy bạn có biết rằng, chính bạn cũng có thể lập trình được những trang web như vậy với một vốn kiến thức cơ bản về HTML, CSS, ... Dù bạn là những nhà thiết kế web, những nhà lập trình mới bắt đầu hay bất kỳ ai muốn phát triển nghề nghiệp trong tương lai, thăng tiến trong công việc thì xây dựng được một website là điều kiện tiên quyết cho những mục tiêu trên. Việc học lập trình sẽ giúp bạn nâng cao kĩ năng và điều đó có ích cho cá nhân lẫn công việc, nhưng không hẳn ai cũng biết phải bắt đầu xây dựng website đầu tiên như thế nào.</p>\r\n    <p>Chính vì lí do đó, tôi đã xây dựng khóa học \"Tự học lập trình website chỉ trong 6 tuần\" nhằm mục tiêu giúp các bạn thành thạo sử dụng những ngôn ngữ lập trình cơ bản và cách áp dụng những ngôn ngữ đó để tự mình lập trình được những trang web tiện lợi như bạn vẫn thấy hằng ngày. Xuyên suốt khóa học này, bằng phong cách giảng dạy cẩn thận, kỹ lưỡng cùng với 21 năm kinh nghiệm trong giảng dạy về lĩnh vực công nghệ thông tin, tôi sẽ giúp các bạn học được cách kết hợp nhiều các loại ngôn ngữ lập trình phổ biến cùng nhiều kiến thức khác nhằm giúp các bạn đủ khả năng tạo nên những trang web sống động, thu hút người xem.</p>\r\n     \r\n<b>Lợi ích từ khoá học</b>\r\n    <ul>\r\n        <li>Nắm được những kiến thức căn bản về HTML và lập trình bằng HTML</li>\r\n        <li>Hiểu được về CSS và biết cách ứng dụng nó trong lập trình với HTML</li>\r\n        <li>Thành thạo sử dụng IFRAME trong lập trình</li>\r\n        <li>Nắm được những kiến thức căn bản về JavaScript và cách kết hợp nó với ngôn ngữ HTML</li>\r\n        <li>Cách tạo biểu mẫu bằng cách sử dụng ngôn ngữ lập trình HTML</li>\r\n        <li>Thành thạo cách nhúng jQuery trong HTML</li>\r\n        <li>Cài đặt và sử dụng được WampServer</li>\r\n        <li>Nắm được cơ bản về PHP và ứng dụng của nó</li>\r\n        <li>Thành thạo thao tác sử dụng MySQL trong thu thập và xử lý dữ liệu</li>\r\n        <li>Biết cách kết hợp ngôn ngữ PHP và MySQL</li>\r\n        <li>Có khả năng tự mình lập trình một số trang web đáp ứng đủ những yêu cầu cơ bản</li>\r\n    </ul>\r\n\r\n<b>Phù hợp với</b>\r\n    <ul>\r\n        <li>Những nhà thiết kế web muốn học thêm về lập trình để tập trung phát triển nghề nghiệp trong tương lai</li>\r\n        <li>Những nhà lập trình HTML mới muốn tìm hiểu thêm về các ngôn ngữ lập trình để thăng tiến hơn trong tương lai</li>\r\n        <li>Bất kỳ ai muốn học lập trình và tự mình lập trình websites</li>\r\n    </ul>', 1600000000, 1);
INSERT INTO `products` VALUES (4, 'Làm trang web của riêng bạn với HTML, CSS & Javascript', 'Xây dựng trang web của riêng bạn với HTML, CSS & Javascript', '<p>Hiện nay, lập trình nói chung & lập trình Web nói riêng đang là xu hướng được nhiều bạn trẻ quan tâm. Với kinh nghiệm 5 năm giảng dạy về lập trình Web, tôi tự tin mang đến cho các bạn khóa học \"Xây dựng trang web của riêng bạn với HTML, CSS & Javascript\", nơi tập hợp nhiều kinh nghiệm quý giá tôi đã đúc kết được trong suốt quá trình làm việc với bộ công cụ tuyệt vời này:</p>\r\n    <ul>\r\n       <li>Giải thích rõ ràng & dễ hiểu tất cả các khái niệm cơ bản của HTML - CSS</li>\r\n       <li>Hướng dẫn trực quan từng bước một để xây dựng nên 1 trang web bằng HTML & CSS</li>\r\n       <li>Chia sẻ các bí quyết & kinh nghiệm thực tế qua 5 năm làm việc trực tiếp với lập trình Web front-end</li>\r\n    </ul>\r\n    <ul>\r\n       <li>Thích lập trình Web nhưng không biết bắt đầu từ đâu</li>\r\n       <li>Đã từng đọc qua nhiều tài liệu về HTML - CSS nhưng không hiểu tường tận các ngóc ngách của vấn đề</li>\r\n       <li>Đã làm một vài dự án nhỏ bằng HTML & CSS nhưng chưa hài lòng về chất lượng hay muốn nâng cao hơn để có thể làm việc trong những dự án lớn hơn</li>\r\n       <li>Kiếm được nhiều tiền hơn bằng HTML - CSS kết hợp với những kỹ năng bạn đã biết trước đó</li>\r\n    </ul>  \r\n<b>Lợi ích từ khoá học</b>\r\n    <ul>\r\n        <li>Nắm vững các khái niệm về lập trình HTML - CSS</li>\r\n        <li>Biết cách sử dụng các tính năng của HTML - CSS để làm nên 1 trang web đẹp</li>\r\n        <li>Có thể tự thực hành & tìm hiểu để nâng cao hơn nữa kỹ năng làm việc với HTML - CSS & rộng hơn là lập trình Web front-end</li>\r\n    </ul>\r\n\r\n<b>Phù hợp với</b>\r\n    <ul>\r\n        <li>Khóa học này dành cho tất cả các bạn yêu thích lập trình, kể cả các bạn chưa biết gì về lập trình</li>\r\n        <li>Nếu đã học qua khóa \"Nhập môn lập trình Web\" do tôi dạy, các bạn có thể đi nhanh hơn và hiểu sâu hơn các khái niệm đưa ra trong khóa học này</li>\r\n        <li>Đối với những ai đã lập trình chuyên nghiệp, khóa học này có thể giúp các bạn có góc nhìn khác phong phú hơn về lập trình Web dựa trên kinh nghiệm 5 năm dạy lập trình Web của tôi</li>\r\n    </ul>', 42000000, 1);
INSERT INTO `products` VALUES (6, 'Cấu trúc dữ liệu và giải thuật', 'Để hiểu bản chất của cấu trúc dữ liệu và diễn đạt các thuật toán một cách chính xác.', '<p>Khoá học cung cấp các kiến thức cơ bản về cấu trúc dữ liệu và giải thuật, chi tiết về các cấu trúc dữ liệu cụ thể (danh sách, ngăn xếp, hàng đợi, cây) và các giải thuật quan trọng là tìm kiếm và sắp xếp. Trong mỗi phần có trình bày về phương pháp cài đặt và ứng dụng của cấu trúc dữ liệu và giải thuật trong thực tế.</p>\r\n<b>Lợi ích từ khoá học</b>\r\n    <ul>\r\n        <li>Nắm được những kiến thức cơ bản nhất về cấu trúc dữ liệu và giải thuật.</li>\r\n        <li>Sử dụng thành thạo các cấu trúc dữ liệu (danh sách, ngăn xếp, hàng đợi, cây) để mô tả đúng các kiểu dữ liệu trừu tượng một cách chính xác.</li>\r\n        <li>Mô tả ngôn ngữ diễn đạt giải thuật đúng và vận dụng nó để diễn đạt các thuật toán một cách chính xác.</li>\r\n    </ul>\r\n\r\n<b>Phù hợp với</b>\r\n    <ul>\r\n        <li>Lập trình viên phát triển hệ thống, ứng dụng.</li>\r\n        <li>Nhà quản trị hệ thống cơ sở dữ liệu doanh nghiệp.</li>\r\n        <li>Tất cả những ai có nhu cầu tìm hiểu về \"Cấu trúc dữ liệu và giải thuật\".</li>\r\n    </ul>', 2900000, 1);
INSERT INTO `products` VALUES (5, 'Mạng internet vận hành như thế nào?', 'Khóa học bằng tiếng Anh', '<b>Lợi ích từ khoá học</b>\r\n    <ul>\r\n    Học sinh tham gia khóa học này sẽ học:\r\n        <li>Dây, cáp và WiFi</li>\r\n        <li>Địa chỉ IP và DNS</li>\r\n        <li>Gói, bộ định tuyến và độ tin cậy</li>\r\n        <li>HTTP và HTML</li>\r\n        <li>Mật mã và khóa công khai</li>\r\n        <li>An ninh mạng và tội phạm</li>\r\n        <li>Tìm hiểu thêm về internet trên Khan Academy</li>\r\n        \r\n    </ul>\r\n\r\n<b>Phù hợp với</b>\r\n    <ul>\r\n        <li>Bất cứ ai và tất cả mọi người quan tâm đến việc sử dụng Internet</li>\r\n        <li>Những người bắt đầu sử dụng Internet và muốn hiểu nó hoạt động như thế nào</li>\r\n    </ul>', 180000, 1);
INSERT INTO `products` VALUES (7, 'Tìm kiếm và khai thác thông tin hiệu quả trên internet', 'Kỹ năng tìm kiếm thông tin trên Internet\r\n', '<p>Bạn có biết Internet là kho kiến thức của nhân loại? Trên Internet bạn có thể tìm được vô số thông tin bổ ích và các kiến thức về mọi lĩnh vực từ khoa học cho đến lịch sử, văn học… Bạn hãy tưởng tượng trước 1 kho thông tin như thế mà bạn chưa có mục đích tìm kiếm rõ ràng thì bạn sẽ vô cùng mất thời gian thậm chí bão hòa kiến thức vì lượng thông tin “nạp” vào trí nhớ quá nhiều.</p>\r\n<p>Chính vì thế phương pháp tìm kiếm thông tin trên Internet được xem là một kỹ năng vô cùng quan trọng. Khóa học \"Kỹ năng tìm kiếm thông tin trên Internet\" của chúng tôi sẽ giúp bạn xử lý vấn đề đó.</p>\r\n<p>Với bài giảng được hướng dẫn chi tiết và cụ thể về kỹ năng cần thiết tìm kiếm thông tin trên Internet:</p>\r\n<ul>\r\n    <li>Bạn sẽ có một cái nhìn toàn diện hơn những gì mình phải làm khi bắt đầu tìm kiếm thông tin. </li>\r\n    <li>Bạn sẽ áp dụng được quy trình tìm kiếm thông tin một cách nhanh nhất và đơn giản nhất. </li>\r\n    <li>Bạn sẽ tự lên chiến thuật để tìm kiếm thông tin phù hợp với mục đích tìm kiếm của mình. </li>\r\n    <li>Bạn sẽ biết cách quản lý thông tin mà mình tìm được một cách khoa học. </li>\r\n    <li>Bạn sẽ chuyện nghiệp hơn trong việc tìm kiếm thông tin với các cú pháp tìm kiếm nâng cao của Google mà chỉ chúng tôi mới mang lại cho bạn.</li>\r\n</ul>\r\n<p>Không lý thuyết khô khan, không trừu tượng trong bất kỳ thao tác nào, đơn giản, dễ hiểu và thực tế là tiêu chí mà chúng tôi mang đến cho người học. </p>\r\n<p>Còn chần chừ gì nữa, hãy đến với chúng tôi, khóa học \"Kỹ năng tìm kiếm thông tin trên Internet\" sẽ thay đổi chính bản thân bạn.</p>\r\n<b>Lợi ích từ khoá học</b>\r\n    <ul>\r\n        <li>Hiểu được vai trò, ý nghĩa và tầm quan trọng của việc tìm kiếm thông tin trên Internet trong học tập cũng như trong công việc.</li>\r\n        <li>Nắm được các công cụ hỗ trợ trong việc tìm kiếm thông tin.</li>\r\n        <li>Áp dụng luôn và ngay các bước để tìm kiếm thông tin trên Internet một cách nhanh và hiệu quả.</li>\r\n        <li>Biết cách lập chiến thuật tìm kiếm sao cho phù hợp với nhu cầu tìm kiếm thông tin của người dùng.</li>\r\n        <li>Biết cách xử lý và tìm ra giải pháp trong quá trình tìm kiếm thông tin như thông tin nhập sai, lỗi font.</li>\r\n        <li>Cách thu hẹp chủ đề, chọ từ khóa một cách thông minh và hiệu quả.</li>\r\n        <li>Lưu trữ, quản lý được thông tin tìm được và tổ chức ngân hàng dữ liệu cá nhân để hỗ trợ cho việc tìm kiếm sau một cách tiết kiệm thời gian nhất.</li>\r\n        <li>Nắm được một số cú pháp tìm kiếm nâng cao của Google để giảm thiểu thời gian và sự gián đoạn trong quá trình tìm kiếm.</li>\r\n    </ul>\r\n\r\n<b>Phù hợp với</b>\r\n    <ul>\r\n        <li>Người làm nghiên cứu.</li>\r\n        <li>Nhà tuyển dụng.</li>\r\n        <li>Nhân viên Marketing.</li>\r\n        <li>Chuyên viên nghiên cứu thị trường.</li>\r\n        <li>Những người thường xuyên phải tìm kiếm thông tin sản phẩm, công ty, khách hàng ...</li>\r\n    </ul>\r\n', 2800000, 1);
INSERT INTO `products` VALUES (8, 'Hacker mũ trắng và bảo mật thông tin', 'Kiến thức mang tính thực hành chuyên sâu ', '<p>Khóa học này sẽ cung cấp những kiến thức mang tính thực hành chuyên sâu để bạn có thể bảo vệ hệ thống mạng của tổ chức mình tốt hơn nữa.</p>\r\n<b>Lợi ích từ khoá học</b>   \r\n<ul>\r\n    <li>Tìm hiểu kỹ năng hack website, sever, email, sms, facebook... biết cách tấn công và phòng thủ hack website, server...</li>\r\n    <li>Xác định được nguyên nhân, những cách thức của kẻ tấn công xâm nhập dữ liệu hệ thống, mối nguy hiểm thường trực về an ninh máy tính của tổ chức doanh nghiệp.</li>\r\n    <li>\r\n        Khai thác lỗ hổng bảo mật cho hệ thống mạng doanh nghiệp và gia cố bảo mật.\r\n    </li>\r\n</ul>\r\n\r\n<b>Phù hợp với</b>\r\n<ul>\r\n    <li>Chuyên viên phụ trách an ninh mạng, an ninh máy tính, các nhân viên kiểm toán, chuyên gia bảo mật, quản trị website</li>\r\n    <li>Tất cả những ai có công việc liên quan đến cơ sở hạ tầng mạng, bảo vệ hệ thống mạng</li>\r\n    <li>Sinh viên quản trị mạng tại các ngân hàng, doanh nhiệp, cơ quan nhà nước</li>\r\n    <li>Sinh viên công nghệ thông tin, quản trị mạng tại các trường đại học, cao đẳng</li>\r\n    <li>Những ai đam mê tìm hiểu công nghệ, mong muốn trở thành chuyên gia bảo mật chuyên nghiệp</li>\r\n</ul>', 270000, 1);
INSERT INTO `products` VALUES (9, 'Robotics căn bản - Chế tạo Robot điều khiển bằng bluetooth', 'Hướng dẫn Arduino cơ bản và làm xe điều khiển bằng Android\r\n', '<p>Ngày nay, việc chế tạo robot đã trở nên đơn giản hơn bao giờ hết. Nhờ có Arduino, giờ đây, bất cứ ai với niềm đam mê, yêu thích công nghệ và ham thích tìm tòi, học hỏi đều có thể tự chế tạo những robot có khả năng ứng dụng trong cuộc sống với chi phí phải chăng.</p>\r\n<p>Khóa học này được thiết kế như một bộ giáo trình sơ lược và cơ bản về Robotics. Các khóa học khác về robot thường chia ra 2 hướng: Một là chuyên sâu về thuật toán, sử dụng các ngôn từ phức tạp và gây hoang mang cho người học, nặng tính lý thuyết. Hai là thiên về lắp ghép, không lập trình, mang tính giải trí cao, gây hạn chế về khả năng mở rộng và phát triển của mẫu robot trong tương lai.</p>\r\n<p>Khóa học này giúp khắc phục những hạn chế đó. Nội dung khóa học sử dụng các ngôn từ thông dụng, dễ hiểu, nếu có thuật ngữ sẽ giải thích chi tiết, để người học không chuyên và trẻ em cảm thấy dễ hiểu, nhanh chóng thực hành và nhìn thấy kêt quả luôn.</p>\r\n<p>Tôi sẽ hướng dẫn các bạn cách sử dụng và vận hành các tính năng cơ bản nhất của bo mạch Arduino.</p>\r\n<p>Các bạn sẽ được học các kiến thức sử dụng Arduino để lập trình cho một hệ thống điện tử, biết cách sử dụng một số công cụ để làm việc với một hệ thống robot cơ bản và các kỹ năng để lập trình một app điện thoại Android cơ bản.</p>\r\n<p>Ngoài ra, các bạn còn được trang bị các kiến thức cơ bản về lập trình visual C# để lập trình bảng điều khiển trên máy tính\r\n    Các bạn sẽ được trang bị một số kỹ năng tự học và các kiến thức nền tảng để tiếp tục nghiên cứu sâu hơn về lĩnh vực robotics. Ngay sau khóa học này, bạn sẽ có thể bắt đầu lập trình các robot đơn giản. Khả năng tùy biến của Arduino không thua kém gì các vi điều khiển khác, bạn có thể nhanh chóng có những bước phát triển không giới hạn.</p>\r\n    <p>Mong muốn của chúng tôi là đem công nghệ robotics từ một thứ khoa học đầy thách thức, chỉ xuất hiện trong các phòng thí nghiệm, được nghiên cứu bởi các chuyên gia, trở thành một thú chơi của con em người Việt. Để 30 năm, khi các em lớn lên, những công trình lớn lao sẽ được xây dựng, các nhà máy có thể tự vận hành để sản xuất của cải vật chất, hay xa hơn, chúng ta có những cỗ máy thay chúng ta khai thác tài nguyên trên những hành tinh xa lạ.</p>\r\n\r\n    <b>\r\n        Lợi ích từ khoá học\r\n    </b>\r\n\r\n    <ul>\r\n        <li>Biết được thành phần board mạch Arduino</li>\r\n        <li>Biết cách lập trình cơ bản cho một board mạch Arduino</li>\r\n        <li>Biết sử dụng Arduino để chế tao một số sản phẩm hoặc đồ chơi thông mình</li>\r\n        <li>Biết cách tạo một ứng dụng Android cơ bản</li>\r\n        <li>Biết cách thiết kế một phần mềm điều khiển robot cơ bản chạy trên hệ điều hành Windows</li>\r\n        <li>Khơi gợi đam mê và óc sáng tạo, đánh thức nhà khoa học bên trong con người bạn</li>\r\n        <li>Tạo một thú vui lành mạnh và niềm yêu thích học tập cho các bạn học sinh.</li>\r\n        <li>Có khả năng tự nghiên cứu và tìm hiểu khoa học công nghệ</li>\r\n        <li>Có thể mang vào giảng dạy trong các trường trung học</li>\r\n    </ul>\r\n\r\n    <b>Phù hợp với</b>\r\n    <ul>\r\n        <li>Bất cứ ai muốn tìm tòi học hỏi về điện tử, tự động, điều khiển\r\n            Người chưa có kinh nghiệm về điện tử</li>\r\n        <li>Các bạn trẻ trên 12 tuổi ( những bạn trẻ hơn thì cần có người giám sát) + Học sinh (cấp 2- cấp 3) sử dụng trong học tập, Stem, dự án nhỏ</li>\r\n        <li>Sinh viên kỹ thuật (điện, điện tử, tự động hóa, CNTT..) sử dụng trong đồ án học tập, nghiên cứu, dự án</li>\r\n        <li>Người đi làm thích sáng tạo, muốn tạo ra sản phẩm cải tiến công cụ sản xuất: ví dụ hệ thống tưới nước tự đông, điều khiển từ xa.....</li>\r\n    </ul>\r\n    ', 2400000, 1);
INSERT INTO `products` VALUES (10, 'Python và thị giác máy tính', 'Nắm bắt cách sử dụng của ngôn ngữ lập trình ưu việt này', '<p>Python là ngôn ngữ kịch bản hướng đối tượng đã rất phổ biến ở nước ngoài nhưng vẫn còn rất mới mẻ tại Việt Nam. Đối tượng sử dụng có thể rất đa dạng, từ những người mới làm quen với lập trình đến những người đang là lập trình viên chuyên nghiệp vì nó hỗ trợ cho việc phát triển nhiều loại ứng dụng khác nhau, từ chương trình xử lý văn bản đơn giản đến các ứng dụng web hay game.</p>\r\n<p>Khóa học này sẽ hướng dẫn bạn một cách bài bản các bài học lý thuyết và ví dụ về Python với mục đích là bạn có thể sử dụng ngôn ngữ này để ứng dụng vào lập trình trang web và ứng dụng.\r\n\r\n    Hãy tham gia \"Làm quen với lập trình Python\" và cùng tôi nắm bắt cách sử dụng của ngôn ngữ lập trình ưu việt này.</p>\r\n\r\n<b>Lợi ích từ khóa học</b>\r\n<p>Sau khóa học học viên có thể thực hiện được các dự án về xử lý hình ảnh hoặc thực hiện các dự án về điều khiển IOT.</p>\r\n\r\n<b>Phù hợp với</b>\r\n<ul>\r\n    <li>Bất kỳ ai muốn học Python lập trình và xử lý ảnh.</li>\r\n    <li>Những ai chưa biết gì và yêu thích công nghệ thông tin và Python.</li>\r\n    <li>Sinh viên công nghệ thông tin.</li>\r\n</ul>', 2800000, 1);
INSERT INTO `products` VALUES (11, 'Học guitar đệm hát cấp tốc trong 30 ngày', 'Trọn bộ 77 bài giảng chi tiết và tài liệu phong phú cùng Guitarist Hiển Râu', '<p>Khóa học gồm 5 cấp độ từ cơ bản tới nâng cao giúp bạn tự tin đệm guitar cho các bài hát mà mình yêu thích trong vòng 30 ngày hoặc nâng cao kỹ thuật đệm hát nếu bạn đã chơi guitar được một thời gian. Với những hướng dẫn cụ thể từ giảng viên, khóa học giúp bạn tiết kiệm thời gian và chi phí nhưng vẫn đảm bảo tính hiệu quả.</p>\r\n<b>Lợi ích từ khóa học</b>\r\n<ul>\r\n    <li>Nắm vững nhạc lý: cách đọc tọa độ, bấm hợp âm, tiết tấu; cách rải âm và quạt chả.</li>\r\n    <li>Thành thạo các điệu cơ bản: Surf nhanh - chậm, Disco, Blue, Ballad, Fox, Valse, Bolero, Slow Rock,...</li>\r\n    <li>Thành thạo cách dò các nhịp, điệu của một bài hát, bắt nhịp và chọn điệu, bắt tông cho ca sĩ, đánh intro và outro, tìm hợp âm chuẩn,...</li>\r\n    <li>Biết cách chọn đàn sao cho phù hợp với mục đích, túi tiền và phong cách nhưng vẫn phải đảm bảo những yêu tố thiết yếu.</li>\r\n</ul>\r\n\r\n<b>Phù hợp với</b>\r\n<ul>\r\n    <li>Những bạn yêu thích guitar</li>\r\n    <li>Những bạn muốn học guitar đệm hát nhưng chưa biết bắt đầu từ đâu</li>\r\n    <li>Những bạn muốn học guitar nhưng bị giới hạn về thời gian và tài chính</li>\r\n    <li>Những bạn muốn học guitar để có thể chơi các bài hát cơ bản</li>\r\n</ul>', 250000, 2);
INSERT INTO `products` VALUES (12, 'Dạy đệm Organ cấp tốc', 'Khóa học đệm đàn organ cấp tốc không cần nền tảng nhạc lý', '<p>Dạy đệm đàn organ cấp tốc - Thiện Organ gồm 24 phần với 72 bài giảng, mỗi bài giảng có thời lượng khoảng 10 phút giúp người học dễ theo dõi, thực hành và ôn luyện. Sau khi hoàn thiện khóa học này, bạn sẽ nắm được:</p>\r\n<ul>\r\n    <li>Kiến thức nhạc lý cơ bản cần nắm như kí hiệu, thuật ngữ và nốt nhạc trên phím đàn.</li>\r\n    <li>Cách luyện ngón, bấm hợp âm trên đàn organ.</li>\r\n    <li>Cách solo nốt, làm intro, giang tấu, đệm lót, đệm điệp khúc và kết thúc các giai điệu: Bolero, Chachacha, Slow, Disco, Twist.</li>\r\n    <li>Kiến thức về các vòng hòa âm cơ bản để sáng tạo cho những bản nhạc yêu thích.</li>\r\n</ul>\r\n\r\n<b>Lợi ích từ khóa học</b>\r\n<ul>\r\n    <li>Giúp tự tin đệm đàn trên các giai điệu: Bolero, Chachacha, Slow, Disco, Twist.</li>\r\n    <li>Nắm được những kiến thức nhạc lý cơ bản để sáng tạo và đệm những bài hát yêu thích.</li>\r\n    <li>Được tư vấn chọn đàn phù hợp và giảm giá khi mua đàn tại La#Music.</li>\r\n    <li>Hỗ trợ giải đáp thắc mắc qua điện thoại, facebook, email, skype.</li>\r\n</ul>\r\n\r\n<b>Phù hợp với</b>\r\n<ul>\r\n    <li>Người yêu thích và mong muốn học đàn organ nhưng không có kiến thức về nhạc lý.</li>\r\n    <li>Những ai muốn trở thành ‘’Nhạc Công Đi Show’’ cấp tốc và hiệu quả.</li>\r\n    <li>Những ai bận rộn, không có thời gian học offline.</li>\r\n    <li>Mọi lứa tuổi, nghề nghiệp, chỉ cần có tình yêu âm nhạc.</li>\r\n</ul>', 120000, 2);
INSERT INTO `products` VALUES (13, 'Tự học Harmonica trong 15 buổi', 'Nắm kiến thức cơ bản về harmonica', '<p>Mục đích của học viên là chỉ để chơi được những bài nhạc mà mình yêu thích. Nhưng những giáo trình khác lại bắt học viên học đọc note, học những bài nhạc cổ xưa, những bài tập không cảm xúc..Khi học những kiến thức chuyên ngành cao siêu, học viên sẽ tốn rất nhiều thời gian và công sức không cần thiết.</p>\r\n<ul>\r\n    <li>Nội dung khóa học: khóa học sẽ giúp các bạn thành lập phản xạ để chơi bất kỳ một bài nhạc nào mà bạn yêu thích trong thời gian ngắn nhất.</li>\r\n    <li>Lộ trình khóa học: khóa học bao gồm 15 video được sắp xếp theo một lộ trình rõ ràng. Từ mức độ đầu tiên là bạn chưa biết gì về Harmonica, chưa biết cầm kèn sao cho đúng, chỗ nào hút vào, chỗ nào thổi ra... cho đến mức độ cao hơn.</li>\r\n    <li>Lợi ích học viên: Chỉ cần 15 buổi học là học viên có thể khiến cho người thân, hoặc cô gái/chàng trai mình thích bất ngờ với khả năng của mình. Sau khi học xong, học viên có thể chơi tốt các bài nhạc phổ thông như nhạc của Mỹ Tâm, Sơn Tùng MTP, Noo Phước Thịnh... hoặc nhạc tiền chiến, nhạc vàng, Bolero...</li>\r\n    <li>Học viên có thể lên Fan Page \"Tự học harmonica\" để hỗ trợ trực tuyến, cũng như giải đáp các thắc mắc của học viên trong khóa học này.</li>\r\n</ul>\r\n\r\n<b>Lợi ích từ khóa học</b>\r\n    <ul>\r\n        Chỉ cần 15 buổi học là học viên có thể khiến cho người thân, hoặc cô gái/chàng trai mình thích bất ngờ với khả năng của mình. Sau khi học xong, học viên có thể chơi tốt các bài nhạc phổ thông như nhạc của Mỹ Tâm, Sơn Tùng MTP, Noo Phước Thịnh... hoặc nhạc tiền chiến, nhạc vàng, Bolero...\r\n    </ul>\r\n<b>Phù hợp với</b>\r\n<ul>\r\n    <li>Khóa học dành cho tất cả mọi người yêu thích Harmonica, muốn tự chơi một bài nhạc mà mình yêu thích</li>\r\n    <li>Khóa học được thiết kế để mọi người đều có thể chơi được harmonica mà không cần phải biết qua nhạc lý từ trước</li>\r\n    <li>Phù hợp với mọi đối tượng: học sinh, sinh viên, người đi làm, cao tuổi hoặc thiếu nhi...</li>\r\n</ul>', 2600000, 2);
INSERT INTO `products` VALUES (14, 'Learn to play Ukulele (Giáo trình Ukulele toàn tập - All in one)', 'Learn to play Ukulele (Giáo trình Ukulele toàn tập - All in one)\r\n', '<p>Nội dung chính của khóa học bao gồm 2 phần:</p>\r\n<ul>\r\n    <li>Diễn tấu: Đọc và trình diễn bản nhạc bằng đàn Ukulele.</li>\r\n    <li>Đệm Hát: Nắm vững hầu hết các điệu nhạc phổ biến trong âm nhạc để tự tin đàn hát tất cả các ca khúc yêu thích bằng ukulele từ Ballad, Pop ... đến RnB ...</li>\r\n</ul>\r\n\r\n<b>Lợi ích từ khóa học</b>\r\n<ul>\r\n    <li>Ukulele đặc biệt biệt dễ học, dễ chơi nên rất phù hợp với tất cả những ai muốn làm quen và bắt đầu với âm nhạc.</li>\r\n    <li>Từ trẻ em cho đến người lớn đều có thể dễ dàng học chơi Ukulele trong thời gian một đến vài tuần.</li>\r\n    <li>Các bậc phụ huynh cũng có thể học chơi Ukulele để dạy con và giúp con mình làm quen và cảm thụ với âm nhạc từ sớm.</li>\r\n    <li>Các giáo viên mầm non, tiểu học có thể học chơi Ukulele để các giờ sinh hoạt âm nhạc được sôi nổi và thú vị hơn.</li>\r\n</ul>\r\n\r\n<b>Phù hợp với</b>\r\n<ul>\r\n    <li>Tất cả mọi người có đam mê chơi đàn Ukulele.</li>\r\n    <li>Học sinh, sinh viên: tuổi từ 13- 24.</li>\r\n    <li>Phụ huynh (các bà mẹ): tuổi từ 24 -35.</li>\r\n    <li>Giáo viên mầm non, tiểu học.</li>\r\n</ul>', 1200000, 2);
INSERT INTO `products` VALUES (15, 'Bolero - Hòa âm Phối Khí Trên Máy Tính', 'Khóa học Làm Beat Nhạc Bolero Trên Phần Mềm Làm Nhạc Cubase', '<p>Đến với khóa học làm beat nhạc Bolero trên máy tính của giảng viên Tâm Vinh Producer các bạn sẽ được trải nghiệm 1 quy trình kiến thức bài bản từ nốt nhạc đầu tiên tới khi hoàn thành một sản phẩm hoàn chỉnh mang tính chuyên nghiệp .Giảng viên Tâm Vinh Với nhiều năm kinh nghiệm và làm việc trong ngành sản xuất âm nhạc đã xuất bản Khóa học Giáo Trình gồm 56 Video giảng dạy với 7 Học Phần.Được giảng viên hướng dẫn giảng dạy chi tiết tỉ mỉ từng quy trình với Phương pháp dễ hiểu ,dễ tiếp thu có thể ứng dụng và làm bài sau khi hoàn thành khóa học .</p>\r\n\r\n<b>Lợi ích từ khoá học</b>\r\n<ul>\r\n    <li>Học viên được hướng dẫn kiến thức và kỹ năng từ cơ bản đến đến nâng cao về hoà âm phối khí trên phần mềm làm nhạc Cubase</li>\r\n    <li>Tự Làm beat nhạc Bolero trong giáo trình 30 ngày</li>\r\n    <li>Cách làm hòa âm từng cho nhạc cụ ,sử dụng tính năng các nhạc cụ trong hòa âm và ứng dụng vào dàn nhạc cách hiệu quả</li>\r\n    <li>Phương pháp giảng dạy của khoá học giảng viên chú trọng vào hình thức thực hành, mô tả bằng các thao tác và hình ảnh đơn giản dễ tiếp thu,không quá nhiều lý thuyết và học thuật.</li>\r\n    <li>Quy trình làm Beat nhạc bài bản từ nốt nhạc đầu tiên đến khi hoàn thành một sản phẩm hoàn chỉnh mang tính chuyên nghiệp</li>\r\n    <li>Mix nhạc cụ và Mastering cẳn bản hoàn chỉnh sản phẩm</li>\r\n</ul>\r\n\r\n<b>Phù hợp với</b>\r\n<ul>\r\n    <li>Học viên biết chơi nhạc cụ Organ,keyboard,piano,guitar...</li>\r\n    <li>Học viên đam mê âm nhạc, Phòng thu âm,sáng tác,yêu ca hát</li>\r\n    <li>Các giảng viên bộ môn âm nhạc</li>\r\n    <li>Học viên đam về Music producer,Sản xuất âm nhạc</li>\r\n    <li>Nghệ sĩ và nhạc công chơi nhạc</li>\r\n</ul>', 1925000, 2);
INSERT INTO `products` VALUES (16, 'Hòa âm phối khí trên máy tính', 'Học viên trải nghiệm phương pháp đệm Piano,làm Beat trống,chơi nhạc cụ bass,guitar trên phần mềm', '<p>Khóa học được giảng viên hướng dẫn chi tiết cách làm hòa âm cho từng nhạc cụ như: Piano, Beat trống, Bass, Strings và các thao tác sử dụng phần mềm Logic Pro với phương pháp dễ hiểu, dễ ứng dụng.</p>\r\n<p>Nội dung của khóa học đi từ căn bản đến nâng cao cách làm hòa âm, sử dụng tính năng các nhạc cụ trong dàn nhạc một cách hiệu quả.</p>\r\n<p>Tham gia khóa học, học viên nắm được kiến thức về hòa âm, khái niệm về nhạc Pop Ballad, biết sắp xếp quãng, chọn nhạc cụ, âm sắc, tính năng nhạc cụ.</p>\r\n<p>Phương thức giảng dạy của khoá học giảng viên chú trọng vào hình thức thực hành, mô tả bằng các thao tác đơn giản dễ tiếp thu, không quá nhiều lý thuyết và học thuật.</p>\r\n<p>Với phương pháp giảng dạy trực quan bằng hình ảnh và mô tả, được phát triển và lặp lại nhiều lần trong quá trình làm bài giúp học viên dễ hình dung và tiếp thu, kết hợp với phần mềm làm nhạc thông minh Logic Pro.</p>\r\n<p>Giúp học viên có cách nhìn tổng quát về quy trình hòa âm từ note nhạc đầu tiên tới khi hoàn thành tác phẩm hoàn chỉnh trong 30 ngày.</p>\r\n<p>Lộ trình học tập:</p>\r\n<p>24 bài học chia làm 5 chương giúp học viên có thể hòa âm trên phần mềm máy tính một cách thành thạo.</p>\r\n\r\n<b>Lợi ích từ khóa học</b>\r\n<ul>\r\n   <li>Học viên được trải nghiệm 1 giáo trình kiến thức bài bản từ nốt nhạc đầu tiên tới khi hoàn thành một sản phẩm beat nhạc hoàn chỉnh mang tính chuyên nghiệp.</li> \r\n   <li>Học viên được học làm quen về phần mềm làm nhạc Logic Pro.</li>\r\n   <li>Học viên trải nghiệm phương pháp đệm Piano, làm Beat trống, chơi nhạc cụ Bass, Guitar và các nhạc cụ khác trên phần mềm.</li>\r\n   <li>Cách xác định tempo, sắp xếp bố cục, quy trình tự sản xuất 1 beat nhạc pop ballad với phương pháp dễ hiệu và hiệu quả.</li>\r\n   <li>Kiến thức về hòa âm căn bản, kiến thức về tính năng nhạc cụ có thể ứng dung trong làm nhạc và chơi live hiệu quả.</li>\r\n</ul>\r\n\r\n<b>Phù hợp với</b>\r\n<ul>\r\n    <li>Giáo viên dạy bộ môn âm nhạc,ứng dụng làm nhạc để giảng dạy và đào tạo học sinh</li>\r\n    <li>Học viên biết chơi Organ - Keyboard - Piano căn bản và các nhạc cụ khác</li>\r\n    <li>Học viên biết nhạc lí và có kiến thức về về hợp âm căn bản</li>\r\n    <li>Học viên đang là nghệ sĩ chơi nhạc cụ ,nhạc công và đã có kỹ năng chơi trong band nhạc phổ thông</li>\r\n    <li>Học viên đam mê hòa âm,yêu ca hát</li>\r\n    <li>Học viên đam mê bộ môn Music producer</li>\r\n</ul>', 3200000, 2);
INSERT INTO `products` VALUES (17, 'Sản xuất âm nhạc trên máy tính', 'HỌC LÀM BEAT, THU ÂM MÀ KHÔNG CẦN BIẾT NHIỀU NHẠC LÝ, KHÔNG CẦN CHƠI NHẠC CỤ GIỎI!!!', '<p>Chỉ cần bạn đam mê, chịu khó và có tai nghe nhạc. \r\n\r\n    Để trở thành một nhạc sĩ hòa âm (beat arrangement/producer), bạn phải trải qua một quá trình học tập và luyện tập hết sức chăm chỉ. Cộng với một chút năng khiếu và nguồn cảm hứng đam mê bất tận, bạn sẽ thấy công việc hòa âm ca khúc sẽ làm cho sức sáng tạo của bạn được phát huy một cách rõ rệt theo thời gian. \r\n    \r\n    Khóa học hướng dẫn học viên cách áp dụng công nghệ máy tính để sản xuất ra được 1 tác phẩm âm nhạc. Học viên sẽ hiểu được cách các tác phẩm âm nhạc được hoàn thành, biết được những công nghệ, phần mềm thế giới đang sử dụng trong lĩnh vực sản xuất âm nhạc. Khóa học này được thiết kế tập trung vào mục đích cụ thể để ra được 1 tác phẩm nên sẽ đi ngắn gọn, chi tiết vào nội dung này.</p>\r\n\r\n<p>Lộ trình học tập:</p>\r\n<p>70 bài học giúp bạn học được cách tạo ra sản phẩm âm nhạc của riêng mình.</p>\r\n\r\n<b>Lợi ích từ khóa học</b>\r\n<ul>\r\n    <li>Tạo Beat, làm nhạc cho bài hát bằng công nghệ phần mềm Band In Box của Mỹ.</li>\r\n    <li>Tính năng học nhạc cụ, nhạc lý được tích hợp trong Band In Box.</li>\r\n    <li>Tìm hiểu 6 Công Cụ Mix Nhạc Cơ Bản: Compressor, EQ, Reverb, Delay, Pan, Volume.</li>\r\n    <li>Thu Âm và Mix nhạc nhanh bằng phần mềm chuyên nghiệp Steinberg Cubase 5 với bộ plugin với hàng chục Plugin chuyên dụng Waves 7.</li>\r\n    <li>Tìm hiểu về cấu trúc khi làm 1 bài Beat, nguyên lý làm beat cơ bản.</li>\r\n</ul>\r\n\r\n<b>Phù hợp với</b>\r\n<ul>\r\n    <li>Dành cho những ai đam mê âm nhạc, thu âm</li>\r\n    <li>Những ai có khả năng sáng tác nhạc</li>\r\n    <li>Đặc biệt dành cho những người không chuyên muốn biến đam mê âm nhạc thành sản phẩm</li>\r\n</ul>', 1820000, 2);
INSERT INTO `products` VALUES (18, 'Thanh nhạc - Những kỹ thuật cơ bản giúp phát triển giọng hát', 'Hướng dẫn các kỹ thuật cơ bản trong thanh nhạc, tập luyện với giảng viên cùng các bài luyện thanh', '<ul>\r\n    <li>Trong khóa học \"Thanh Nhạc - Những kỹ thuật bài bản giúp giọng hát tốt hơn\", các bạn sẽ được hướng dẫn các kỹ thuật cơ bản trong thanh nhạc, tập luyện với giảng viên cùng các bài luyện thanh, được chia sẻ các \"Bí Quyết\" giúp bạn nhanh chóng trở thành một \"Nghệ Sĩ Tiềm Năng\" trong mắt mọi người.</li>\r\n    <li>Khoá học chỉ ra nhược điểm, nguyên nhân và các phương pháp tập luyện để cải thiện giọng hát như: Cách lấy hơi sâu để nhiều hơi, biết nén hơi cho hơi mạnh khoẻ, biết giữ hơi để hơi dài cho câu hát không bị hụt. Biết điều tiết hơi thở để âm thanh khi hát được mềm mại, cảm xúc. Cách đặt vị trí hơi thở cho ổn định.</li>\r\n    <li>Phương pháp luyện tập ngân và rung, luyến láy âm thanh. Cách mở khẩu hình, nhả và đóng chữ cho tròn, ấm và đẹp. Cách đặt vị trí âm thanh cho sáng, vang và không gây gồng cứng, đau khàn cổ họng. Cách hát giọng chuyển, giọng pha khi hát nốt nhạc cao và cực cao.....</li>\r\n</ul>\r\n\r\n<b>Lợi ích từ khóa học</b>\r\n<ul>\r\n    <li>Nắm bắt được kiến thức bài bản mang tính hệ thống.</li>\r\n    <li>Giúp bạn tự tin với đam mê ca hát.</li>\r\n    <li>Thỏa sức tham gia cuộc vui cùng bạn bè mà không sợ e ngại, rụt rè với giọng hát của mình.</li>\r\n    <li>Giúp bạn có nhiều niềm vui mới trong cuộc sống.</li>\r\n    <li>Khắc phục tình trạng giọng nói ngọng bằng kỹ thuật thanh nhạc.</li>\r\n    <li>Hiểu nguyên nhân và luyện tập khắc phục được nhược điểm giọng hát (Không đủ hơi, hơi yếu, hát bị gồng cứng cơ mặt, hát lên cao khó chịu về âm thanh, biết ngân rung, biết phát âm rõ chữ, tròn chữ và sắc nét âm thanh, âm thanh êm và mềm mại hơn).</li>\r\n</ul>\r\n\r\n\r\n<b>Phù hợp với</b>\r\n<ul>\r\n    Những bạn thích hát nhưng hát chưa hay, chưa tự tin, thường cảm thấy e ngại khi được mời hát chỗ đông người, muốn khắc phục nhược điểm giọng hát, muốn phát triển giọng hát tốt hơn.\r\n</ul>   ', 3400000, 2);
INSERT INTO `products` VALUES (19, 'Khoá học thanh nhạc cơ bản và hát karaoke', 'Từ người chưa bao giờ hát đến có thể tự tin hát cùng đồng nghiệp, bạn bè trong các buổi giao lưu, ka', '<ul>\r\n    <li>Khóa học giúp bạn nắm được các kĩ năng từ người chưa bao giờ hát đến có thể tự tin hát cùng đồng nghiệp, bạn bè trong các buổi giao lưu, karaoke.</li>\r\n    <li>Cụ thể: nắm được kiến thức cơ bản cốt lõi của các kĩ thuật thanh nhạc như lấy hơi, khẩu hình, để thực hành vào bài hát cũng như áp dụng trong cuộc sống.</li>\r\n    <li>Bổ trợ kĩ năng và giúp các bạn khai thác khả năng bản thân về ca hát mà trước đây chưa làm được lên vượt bậc.</li>\r\n    <li>Tự biết cách nghe để có thể hát được bài mới và tự tập hát được.</li>\r\n</ul>\r\n\r\n<b>Lợi ích từ khóa học</b>\r\n<ul>\r\n    <li>Học viên biết cách sử dụng hơi thở chuẩn.</li>\r\n    <li>Biết cách mở khẩu hình và áp dụng vào ca khúc.</li>\r\n    <li>Biết cách phát âm chuẩn, giúp giọng nói rõ ràng và hay hơn.</li>\r\n    <li>Nắm được nhạc lý cơ bản.</li>\r\n    <li>Những người đã từng hát biết cách áp dụng kĩ thuật thanh nhạc và bài hát để hát hay hơn.</li>\r\n</ul>\r\n\r\n<b>Phù hợp với</b>\r\n<ul>\r\n    <li>Những người muốn cải thiện khả năng ca hát, đặc biệt hát karaoke.</li>\r\n    <li>Những người muốn tìm hiểu về kĩ thuật thanh nhạc cơ bản, trước khi đi vào các kĩ thuật chuyên nghiệp.</li>\r\n</ul>', 1820000, 2);
INSERT INTO `products` VALUES (20, 'Thực hành các bài hát với những điệu nhạc phổ biến', 'Hiểu biết thêm các điệu nhạc phổ biến', '<p>Sau những khóa học thực hành các bài hát điệu Bolero và Rhumba với những bài hát nổi tiếng một thời, được mọi người yêu thích và đón nhận, nay chúng tôi sẽ hướng dẫn các bạn thực hành tiếp những bài hát phổ biến hiện nay với các điệu nhạc như : Điệu Waltz, Slowrock, Slowsurf, Disco, Cha Cha Cha..v.v...</p>\r\n\r\n<b>Lợi ích từ khóa học</b>\r\n<ul>\r\n    Sau khi học xong, học viên có thể đàn và hát một cách chính xác các bài hát với những điệu nhạc thông dụng và nổi tiếng hiện nay\r\n</ul>\r\n\r\n<b>Phù hợp với</b>\r\n<ul>\r\n    Học viên chỉ cần đam mê và có đàn guitar để học và thực hành\r\n</ul>', 540000, 2);
INSERT INTO `products` VALUES (21, 'Học Autocad 2D chuyên nghiệp trọn bộ', 'Sử dụng thành thạo Autocad 2D', '<p>AutoCAD là phần mềm đồ họa khá phổ biến hiện nay để thực hiện các bản vẽ. Việc sử dụng AutoCAD trong thiết kế sẽ tiết kiệm được nhiều thời gian, tăng độ chính xác, dễ dàng tạo lập và chỉnh sửa nhiều phương án trong thời gian ngắn. Đối với các dự án nhỏ, có độ phức tạp thấp, ít đối tượng thì AutoCAD 2D có thể đáp ứng tốt. Khóa học vẽ AutoCAD 2D này giúp bạn làm chủ các công cụ của AutoCAD 2D để nâng cao hiệu quả trong quá trình làm việc của mình.</p>\r\n<b>Lợi ích từ khóa học</b>\r\n<ul>\r\n    <li>Nắm được các thao tác trong AutoCAD</li>\r\n    <li>Thành thạo các công cụ vẽ, chỉnh sửa, quản lý trong AutoCAD</li>\r\n    <li>Có thể tạo ra được các bản vẽ kỹ thuật áp dụng trong thực tế công việc</li>\r\n</ul>\r\n\r\n<b>Phù hợp với</b>\r\n<ul>\r\n    <li>Các bạn sinh viên chuẩn bị làm đồ án</li>\r\n    <li>Các kỹ sư trong các ngành kiến trúc, xây dựng</li>\r\n    <li>Những người mới tiếp cận phần mềm AutoCad 2D, nắm được các thao tác vẽ cơ bản trong AutoCAD 2D</li>\r\n    <li>Những người đã nắm cơ bản về vẽ AutoCad 2D nhưng chưa đầy đủ</li>\r\n</ul>', 300000, 3);
INSERT INTO `products` VALUES (22, 'Tự làm hoạt hình & video quảng cáo bằng After Effects', 'Học được các kiến thức kỹ năng cơ bản để hoàn thành công viêc', '<p>Bạn muốn học cách để làm hoạt hình và video quảng cáo hoạt hình, nhưng ko có đủ điều kiện tìm đến các khóa học offline? Những kiến thức có thể cóp nhặt trên mạng nhưng ít được học một cách hệ thống và bài bản và khiến bạn mơ hồ?</p>\r\n<p>Vậy thì khóa học này là dành cho bạn. Tham gia khóa học, bạn có thể học cách thiết kế nhân vật, vẽ storyboard (phần mềm: Photoshop), tạo xương, chuyển động (phần mềm: After effects).</p>\r\n<p>Ngoài việc được học một cách bài bản, giảng viên sẽ chia sẻ thêm kinh nghiệm và những thủ thuật nhỏ để làm việc hiệu quả và nhanh gọn hơn. Được tặng plugin khi mua khóa học.</p>\r\n<p>Phương thức giảng dạy: hướng dẫn từng kỹ thuật theo trình tự thực hiện một dự án hoạt hình thật.</p>\r\n<p>Điểm đặc biệt của khóa học: so với nhiều khóa học hướng dẫn công cụ cơ bản, phương pháp học theo dự án không chỉ học được một cách bài bản mà còn giúp học viên dễ ứng dụng hơn khi làm việc thực tế.</p>\r\n\r\n<b>Lợi ích từ khóa học</b>\r\n<ul>\r\n    <li>Có kiến thức về sử dụng phần mềm, các kỹ thuật hoạt hình cơ bản, tư duy phân tích triển khai dự án</li>\r\n    <li>Kỹ năng cơ bản để làm việc và tự nâng cao kỹ thuật hoạt hình 2D</li>\r\n    <li>Kỹ năng phân tích, đánh giá, triển khai một dự án hoạt hình 2D từ yêu cầu hay kịch bản</li>\r\n    <li>Có thể tự thực hiện một dự án hoạt hình một mình</li>\r\n    <li>Làm video quảng cáo, bán hàng mà không cần tốn chi phí cho việc quay phim</li>\r\n    <li>Có thể tự sản xuất hoạt hình, video quảng cáo, làm freelancer hoặc làm việc tại các studio</li>\r\n</ul>\r\n\r\n<b>Phù hợp với</b>\r\n<ul>\r\n   <li>Khóa học dành cho những người yêu thích hoạt hình</li>\r\n   <li>Những người có nhu cầu làm video quảng cáo, bán hàng dưới dạng hoạt hình hay đồ họa động</li>\r\n   <li>Những người thiết kế đồ họa tĩnh muốn học làm đồ họa động và hoạt hình</li>\r\n   <li>Khóa học dành cho nhiều trình độ và nhiều nhu cầu khác nhau: ví dụ những người chỉ có nhu cầu học làm concept hoặc storyboard, hay chỉ có nhu cầu học animation</li>\r\n   <li>Người mới bắt đầu học thiết kế cũng có thể học</li>\r\n</ul>\r\n', 290000, 3);
INSERT INTO `products` VALUES (23, 'Học Autocad 3D chuyên nghiệp trọn bộ', 'Thành thạo các kỹ năng sư dụng Autocad 3D', '<p>AutoCAD là phần mềm đồ họa khá phổ biến hiện nay để thực hiện các bản vẽ. Việc sử dụng AutoCAD trong thiết kế sẽ tiết kiệm được nhiều thời gian, tăng độ chính xác, dễ dàng tạo lập và chỉnh sửa nhiều phương án trong thời gian ngắn. Đối với các dự án nhỏ, có độ phức tạp thấp, ít đối tượng thì AutoCAD 2D có thể đáp ứng được. Nhưng khi dự án lớn, phức tạp, có nhiều thành phần, đối tượng thì AutoCAD 2D sẽ không thể đáp ứng được về vấn đề mô hình, kiểm tra tính hợp lý, kiểm tra va chạm, trùng lặp giữa các đối tượng. Vì vậy, AutoCAD 3D ra đời để giải quyết những hạn chế của AutoCAD 2D. Khóa học này giúp bạn làm chủ các công cụ của AutoCAD 3D để nâng cao hiệu quả trong quá trình làm việc của mình.</p>\r\n\r\n<b>Lợi ích từ khóa học</b>\r\n<ul>\r\n    <li>Thành thạo các kỹ năng lập mô hình, chỉnh sửa AutoCAD 3D</li>\r\n    <li>Biết sử dụng các công cụ trong AutoCAD 3D</li>\r\n    <li>Tạo được bản vẽ 2D từ mô hình 3D</li>\r\n</ul>\r\n<b>Phù hợp với</b>\r\n<ul>\r\n    <li>Các bạn sinh viên chuẩn bị làm đồ án</li>\r\n    <li>Các kỹ sư trong các ngành kiến trúc, xây dựng</li>\r\n    <li>Những người mới tiếp cận phần mềm AutoCad 2D, nắm được các thao tác vẽ cơ bản trong AutoCAD 2D</li>\r\n    <li>Những người đã nắm cơ bản về vẽ AutoCad 3D nhưng chưa đầy đủ</li>\r\n</ul>\r\n', 3600000, 3);
INSERT INTO `products` VALUES (24, 'Dùng Unreal Engine để mô phỏng kiến trúc', 'Sử dụng Unreal Engine để mô phỏng kiến trúc trong thực tế', '<p>Mình là Việt Anh, là một freelancer 3D có thâm niên trong nghề hơn 10 năm. Trong một lần công tác gặp gỡ đối tác đề xuất phương án mô phỏng văn phòng của họ, mình đã nghĩ ra một ý tưởng sẽ mô phỏng lại toàn bộ văn phòng của họ lại và xuất cho họ 1 file dữ liệu để họ mang đi quảng cáo. Đó chính là phương pháp Realtime, mình ứng dụng công nghệ này để thực hiện hoá ý tưởng của khách hàng, là muốn đi vào trong căn phòng để tham quan. Trong quá trình làm mình đã xin phép họ ghi hình lại, sau đó mình tạo ra khoá học này để phổ biến kiến thức và chia sẻ kinh nghiệm thực tế khi làm một công trình với khách hàng là như thế nào. Khoá học nặng về mặt kỹ thuật nên các bạn hết sức tập trung, có thắc mắc gì vui lòng hỏi mình nhé.</p>\r\n<p>Lộ trình học tập: 49 bài học chia làm 4 chương giúp người học sử dụng được Unreal Engine trong thực tiễn.</p>\r\n\r\n<b>Lợi ích từ khóa học</b>\r\n<ul>\r\n    <li>Học được cách sử dụng 3Ds Max và Unreal Engine trong việc thiết kế công trình.</li>\r\n    <li>Học được cách phác thảo ý tưởng và tự lên bản vẽ công trình.</li>\r\n    <li>Học được quy trình thiết kế Real-time bằng 3Ds Max và Unreal Engine.</li>\r\n    <li>Học được cách dựng mô hình 3D công trình thực tế, từ ý tưởng tới thành phẩm.</li>\r\n    <li>Học được cách làm vật liệu 3D và mô phỏng công trình dưới dạng khách hàng tự tham quan công trình của mình.</li>\r\n    <li>Học được cách xuất file dữ liệu để gửi khách hàng.</li>\r\n</ul>\r\n\r\n<b>Phù hợp với</b>\r\n<ul>\r\n    <li>Những ai đang làm trong ngành xây dựng, kiến trúc, nội thất, bất động sản</li>\r\n    <li>Những ai đang muốn marketing các dự án bất động sản</li>\r\n</ul>', 14900000, 3);
INSERT INTO `products` VALUES (25, 'Học tư duy thiết kế qua bài tập thực tế', 'Những điều căn bản để có được 1 tư duy thiết kế chuyên nghiệp', '<p>Khóa học đồ họa này bao gồm các nội dung chính sau:</p>\r\n<ul>\r\n    <li>Kiến thức sử dụng thành thạo công cụ Illustrator CC 2017 để thiết kế ấn phẩm truyền thông</li>\r\n    <li>Kiến thức sử dụng Photoshop để trình bày sản phẩm thiết kế trên các ấn phẩm thật.</li>\r\n    <li>Kiến thức về tính cách màu.</li>\r\n    <li>Kiến thức về bố cục.</li>\r\n    <li>Kiến thức về qui trình thiết kế của một agency (công ty chuyên về thiết kế).</li>\r\n</ul>\r\n\r\n<b>Lợi ích từ khoá học</b>\r\n<ul>\r\n    <li>Biết cách sử dụng 2 công cụ lớn và quan trọng nhất trong thiết kế: Adobe Photoshop, Adobe Illustrator.</li>\r\n    <li>Biết cách nhận diện một sản phẩm thiết kế, thế nào là đẹp, thế nào là sai, thế nào là chưa tốt.</li>\r\n    <li>Biết được một quy trình thiết kế chuẩn.</li>\r\n</ul>\r\n\r\n<b>Phù hợp với</b>\r\n<ul>\r\n    <li>Sinh viên muốn học đồ họa, đi sâu vào lĩnh vực thiết kế.</li>\r\n    <li>Những người đi làm muốn hiểu được qui trình tư duy, xây dựng sản phẩm thiết kế truyền thông.</li>\r\n    <li>Những người đã có kiến thức căn bản về công cụ thiết kế cơ bản, muốn thiết kế một sản phẩm lớn.</li>\r\n    <li>Những người có ý tưởng nhưng không biết cách thực hiện thế nào bằng các công cụ thiết kế.</li>\r\n</ul>', 2147483647, 3);
INSERT INTO `products` VALUES (26, 'Điều kỳ diệu của màu sắc', 'Tìm hiểu về màu sắc', '<p>Trong khóa học này chúng ta sẽ nói về màu sắc. Màu sắc là một yếu tố vô cùng quan trọng đối với thế giới. Hầu như tất cả các loài động vật đều có thể nhìn thấy màu sắc trong một chừng mực nào đó.</p>\r\n<p>Và có lẽ một lý do tại sao màu sắc là rất quan trọng, nếu bạn nghĩ về tìm kiếm thức ăn tổ tiên chúng ta cho thực phẩm, có lẽ điều quan trọng là để có thể phát hiện một số loại trái cây màu đỏ trong bối cảnh của một cây xanh. Vì vậy, trong bài giảng này chúng ta sẽ nói về những gì màu sắc là, nó đến từ đâu và làm thế nào chúng ta có thể đối phó với những hình ảnh màu sắc trong máy tính. Cho đến nay chúng tôi đã làm việc với hình ảnh màu xám quy mô. Và làm thế nào chúng ta có thể viết các chương trình máy tính để xác định những gì màu sắc một số đối tượng là.</p>\r\n\r\n<b>Lợi ích từ khóa học</b>\r\n<ul>\r\n   <li>Sau khóa học bạn sẽ hiểu được bản chất của màu sắc</li>\r\n   <li>Hiểu được nguồn gốc của màu sắc</li>\r\n   <li>Xử lý được các vấn đề của màu sắc trên máy tính</li>\r\n</ul>\r\n\r\n<b>Phù hợp với</b>\r\n<ul>\r\n    <li>Nhà thiết kế</li>\r\n    <li>Lập trình viên</li>\r\n</ul>', 1850000000, 3);
INSERT INTO `products` VALUES (27, 'Học thiết kế đồ họa trọn bộ 30 ngày', 'Học thiết kế đồ họa với Adobe CC trong khóa học mới này!\r\n', '<p>Thiết kế đồ họa là một nghề hot trong những năm gần đây nhưng không phải ai cũng có thể thành công với nghề này. Ngoài những kiến thức chuyên ngành như bố cục màu sắc, tư duy sáng tạo, thị giác và truyền thông... bạn cần có đam mê và sự nỗ lực rất lớn. Bên cạnh đó, người làm thiết kế còn phải trang bị cho mình những công cụ thiết kế cần thiết để có thể giải phóng những ý tưởng thành các bản vẽ, biến thế giới trừu tượng trong trí não thành những hình ảnh cụ thể với đường nét và màu sắc rõ ràng. Khóa học này cung cấp những kiến thức và kỹ năng để bạn có thể sử dụng các công cụ của Adobe CC (Illustrator, Photoshop & Animate) một cách thuần thục, hỗ trợ tích cực cho công việc cũng như đam mê thiết kế của bạn.</p>\r\n\r\n<b>Lợi ích từ khóa học</b>\r\n<ul>\r\n    <li>Thao tác được trên các ứng dụng Adobe CC</li>\r\n    <li>Biết cách chỉnh sửa và xử lý ảnh với Adobe Photoshop</li>\r\n    <li>Biết cách tạo đồ họa, biểu tượng, thương hiệu với Adobe Illustrtor</li>\r\n    <li>Biết cách tạo ra những thiết kế chuyển động với Animate CC 2017</li>\r\n</ul>\r\n\r\n<b>Phù hợp với</b>\r\n<ul>\r\n    <li>Người mới bắt đầu học thiết kế đồ họa</li>\r\n    <li>Những bạn đang hoặc sẽ làm các công việc như: thiết kế đồ họa, thiết kế trang web, thiết kế logo, thiết kế UI/UX, thiết kế sản phẩm, truyền thông xã hội...</li>\r\n    <li>Bất cứ ai yêu thích công việc thiết kế đồ họa</li>\r\n</ul>', 2147483647, 3);
INSERT INTO `products` VALUES (28, 'Thiết kế logo cho người mới bắt đầu', 'Khóa học về thiết kế logo dành cho những người mới bắt đầu', '<p>Kiến thức đầy đủ, tập trung theo chuyên đề, thực hành bằng một trường hợp cụ thể. Tài liệu tham khảo được chọn lọc kỹ từ các nguồn tin cậy và quý giá.</p>\r\n<p>Khóa học thiết kế logo ngắn hạn trong 1h46 phút với 3 chương và 19 bài cung cấp kiến thức tổng quan nhất về thiết kế logo.</p>\r\n<p>Hướng dẫn lý thuyết và thực hành thiết kế logo cho người mới bắt đầu, thời lượng học ngắn gọn. Học viên được tác giả chia sẻ quy trình thiết kế logo cũng như hướng dẫn cách làm một logo sau khi đã hàm thụ khối lượng kiến thức nền tảng.</p>\r\n<p>Khóa học được đúc rút từ kinh nghiệm thực tế nhiều năm trong công việc của giảng viên và những bí kíp, chia sẻ cho người mới bắt đầu.</p>\r\n\r\n<b>Lợi ích từ khóa học</b>\r\n<ul>\r\n    <li>Học viên tự thiết kế cho mình một logo cá nhân.</li>\r\n    <li>Lượng kiến thức nền tảng buộc học viên phải thường xuyên ôn luyện, kỹ năng sáng tạo sẽ hình thành dần</li>\r\n</ul>\r\n\r\n\r\n<b>Phù hợp với</b>\r\n<ul>\r\n    <li>Các bạn yêu thích Đồ họa, sinh viên, học viên các trường.</li>\r\n    <li>Những bạn chuẩn bị vào nghề thiết kế đồ họa</li>\r\n</ul>   \r\n', 1800000000, 3);
INSERT INTO `products` VALUES (29, 'Học Photoshop trọn bộ trong 7 ngày', 'Trở thành nhà thiết kế chuyên nghiệp với Photoshop', '<p>Adobe Photoshop là phần mềm rất thông dụng trong thiết kế đồ họa và hỗ trợ tích cực cho các công việc như designer, marketer, biên tập viên, phóng viên...Khóa học Photoshop online này đi từ những kiến thức cơ bản nhất cho tới nâng cao về cách sử dụng Photoshop, các thao tác thực hiện trong quá trình làm việc cùng Photoshop, giúp bạn hiểu rõ bản chất về Photoshop và sử dụng thành thạo phần mềm này.</p>\r\n\r\n<b>Lợi ích từ khóa học</b>\r\n<ul>\r\n   <li>Nắm được các nguyên lý về cách chỉnh sửa ảnh và tối ưu việc sử dụng Photoshop</li>\r\n   <li>Có thể chỉnh sửa ảnh phong cảnh theo ý muốn</li>\r\n   <li>Có thể tạo ra những bức ảnh động</li>\r\n   <li>Có thể làm được banner quảng cáo \"độc\" và \"lạ\"</li>\r\n</ul>\r\n\r\n<b>Phù hợp với</b>\r\n<ul>\r\n    <li>Người mới làm quen với Adobe Photoshop</li>\r\n    <li>Người đã biết sử dụng Adobe Photoshop nhưng bị mất gốc</li>\r\n    <li>Người có đam mê về nhiếp ảnh và chỉnh sửa hình ảnh</li>\r\n    <li>Phóng viên, marketer, designer cần sử dụng Photoshop để phục vụ công việc</li>\r\n    <li>Người muốn học thiết kế đồ họa nhưng không có nhiều thời gian đến lớp</li>\r\n</ul>', 500000000, 3);
INSERT INTO `products` VALUES (30, 'Thiết kế chuyên nghiệp', 'Thiết kế chuyên nghiệp với Photoshop và illustrator, Animate và Indesign 2019', '<p>Khóa học Photoshop giúp bạn thành thạo các công cụ thiết kế đồ họa để có thể tự tay tạo ra các sản phẩm thiết kế lạ và đẹp mắt. Nội dung chi tiết của khóa học Photoshop này bao gồm:</p>\r\n<ul>\r\n    <li>Làm quen với giao diện làm việc Art board, các layer, panel, phím tắt...</li>\r\n    <li>Tách ảnh, cắt ảnh, ghép ảnh với các công cụ selection.</li>\r\n    <li>Layer Style</li>\r\n    <li>Hướng dẫn cách tạo hiệu ứng chữ đẹp.</li>\r\n    <li>Adjustments color</li>\r\n    <li>Chỉnh sửa và Blend màu cho hình ảnh.</li>\r\n    <li>Kỹ thuật chỉnh sửa ảnh chân dung (Retouch).</li>\r\n    <li>Kỹ thuật chỉnh sửa ảnh phong cảnh: ghép mây, chỉnh màu phong cảnh, tạo các hiệu ứng ánh sáng đặc biệt.</li>\r\n    <li>Kết hợp Photoshop và Animate, Illustrtor để làm hiệu ứng động, làm video animation.</li>\r\n    <li>Thực hành thiết kế giao diện web, chỉnh sửa ảnh chân dung, chỉnh ảnh phong cảnh, blend màu...</li>\r\n    <li>Luyện tập các thao tác nâng cao với Photoshop thông qua các bài tập kĩ xảo: Double exposure, explosion...</li>\r\n</ul>\r\n\r\n<b>Lợi ích từ khóa học</b>\r\n<ul>\r\n    <li>Làm chủ công cụ Adobe Illustrator CC - Công cụ đồ hoạ toán học, công cụ dành cho mảng thiết kế chính xác, thiết kế chuẩn hoá.</li>\r\n    <li>Làm chủ công cụ Adobe Indesign - Công cụ thiết kế và dàn trang cho tạp chí và sách.</li>\r\n</ul>\r\n\r\n<b>Phù hợp với</b>\r\n<ul>\r\n    <li>Nhà thiết kế đồ họa, web, logo, UI / UX, sản phẩm, áo thun...</li>\r\n    <li>Nhà tiếp thị.</li>\r\n    <li>Nhà xuất bản.</li>\r\n    <li>Chuyên gia truyền thông xã hội.</li>\r\n    <li>Bất cứ ai khác quan tâm đến việc học thiết kế, các nguyên tắc cơ bản của thiết kế đồ họa và các chương trình Adobe CC.</li>\r\n</ul>', 2400000, 3);
INSERT INTO `products` VALUES (31, 'Tự chăm sóc da tại nhà hiệu quả không kém đi spa', 'Chăm sóc da tại nhà', '<p>Khóa học cung cấp những thông tin cơ bản nhất về nội dung, thời lượng học, cách thức áp dụng trong thực tế. Chia sẻ của bản thân giảng viên về những trải nghiệm đúc rút được từ thực tế cuộc sống. Ý nghĩa và tầm quan trọng của việc học & áp dụng những kỹ năng cũng như kiến thức trong khóa học đối với mục tiêu cá nhân của học viên.</p>\r\n\r\n<b>Lợi ích từ khóa học</b>\r\n<ul>\r\n    <li>Sau khi kết thúc khóa học bạn biết chăm sóc da đúng cách, tiết kiệm đáng kể một khoản tiền cho công cuộc làm đẹp cho dù bạn đến Spa hay tự mình chăm sóc</li>\r\n    <li>Bạn có thể kiếm được tiền từ việc chăm sóc da cho những người xung quanh, người thân, bạn bè v.v</li>\r\n    <li>Ngay sau khi học xong người học có thể áp dụng để tạo thêm nguồn thu nhập, các mẹ thêm tiền bỉm sữa cho con.</li>\r\n    <li>Sau khi kết thúc khóa học các chị em phụ nữ biết cách chăm sóc sắc đẹp chủ động cho dù bạn tự chăm sóc tại nhà hay chăm sóc ở Spa thì bạn cũng đều giảm được chi phí đáng kể cho công cuộc làm đẹp mà vẫn hiệu quả.</li>\r\n</ul>\r\n\r\n<b>Phù hợp với</b>\r\n<ul>\r\n    <li>Phù hợp nhất với các chị em phụ nữ không có thời gian đi Spa.</li>\r\n    <li>Học sinh, sinh viên mong muốn trang bị thêm kiến thức về làm đẹp</li>\r\n    <li>Phù hợp với nữ 15 - 50 tuổi</li>\r\n    <li>Phụ nữ bất kỳ ngành nghề nào cũng đều nên học</li>\r\n</ul>\r\n', 399000, 4);
INSERT INTO `products` VALUES (32, 'Trang điểm và làm tóc từ cơ bản đến nâng cao', 'Trọn bộ kỹ năng trang điểm, làm tóc cho người mới bắt đầu\r\n', '<p>Người hướng dẫn sẽ hướng dẫn makeup, làm tóc trên mẫu để người xem dễ thực hành</p>\r\n\r\n<b>Lợi ích từ khóa học</b>\r\n<ul>\r\n   <li>Tự chủ động makeup, làm tóc cho bản thân trong bất cứ hoàn cảnh nào: Đi làm, đi học, đi chơi, đi tiệc,...</li>\r\n   <li>Với những bạn đã biết makeup cơ bản, có thể biến hóa và thay đổi bản thân với nhiều tone makeup mới lạ hơn: Cá tính, sexy, ngọt ngào,...</li>\r\n   <li>Tự tin và xinh đẹp hơn, thêm yêu bản thân mình</li>\r\n   <li>Có khả năng makeup cho người khác, có nền nền tảng makeup cơ bản để tiến xa hơn trên con đường làm makeupartist</li>\r\n\r\n</ul>\r\n\r\n<b>Phù hợp với</b>\r\n<ul>\r\n   <li>Người chưa có kiến thức cơ bản về makeup, làm tóc</li>\r\n   <li>Người đã biết makeup cơ bản, nhưng chưa thấy hài lòng với kỹ năng của bản thân</li>\r\n   <li>Người đã biết makeup cơ bản, muốn học hỏi thêm các phong cách makeup khác</li>\r\n   <li>Freelancer muốn kiếm tiền từ việc makeup</li>\r\n</ul>\r\n', 299000, 4);
INSERT INTO `products` VALUES (33, 'Khóa học chuyên đề trà sữa và thạch có nhân', 'Làm được trà sữa ngon như ở tiệm', '<p>Thị trường trà sữa ngày nay không còn là một xu hướng mang tính thời điểm mà nó như đã trở thành thức uống tinh thần của mọi người.</p>\r\n<p>Nếu bạn là người có chí hướng kinh doanh, thì trà sữa là một lĩnh vực dễ làm, có vốn đầu tư không quá cao và dễ tiếp cận khách hàng. Quan trọng hơn hết vẫn là sự sáng tạo trong cách trình bày một ly trà sữa thành phẩm, hoặc là phải có một điểm nhấn về vị trà, loại thạch, hạt trân châu sao cho khác biệt với những nơi kinh doanh trà sữa khác. Khi đó, bạn sẽ tạo dấu ấn cho khách hàng và xây dựng thương hiệu cá nhân.</p>\r\n<p>Nếu bạn là người đam mê về pha chế, đặc biệt là trà sữa, muốn tự mình làm ra được nhiều loại trà sữa với các loại thạch, hạt trân châu như những nơi kinh doanh, mà không phải tốn quá nhiều kinh phí cho việc đi học tại các trung tâm pha chế hoặc tốn quá nhiều thời gian cho việc tự học, tự nghiên cứu thì khóa học online này sẽ là giải pháp thích hợp nhất cho các bạn.</p>\r\n<p>Khoá học online với chuyên đề trà sữa và thạch có nhân sẽ đáp ứng được những nhu cầu cơ bản nhất cho các bạn mới bước chân vào lĩnh vực pha chế này. Bạn có thể học bất kỳ lúc nào mình rảnh rỗi và cũng dễ dàng sắm cho mình một số dụng cụ, nguyên vật liệu để làm ra được những ly trà sữa thơm ngon và hương vị hoàn toàn tự nhiên theo sở thích của mình, các loại thạch và hạt trân châu đều được làm bằng tay nên không phải lo ngại về độ an toàn thực phẩm, không sử dụng chất hoá học.</p>\r\n\r\n<b>Lợi ích từ khóa học</b>\r\n<p>Sau khoá học, các bạn sẽ biết các kỹ năng:</p>\r\n<ul>\r\n    <li>Sử dụng và pha trộn các vị trà.</li>\r\n    <li>Kỹ thuật lắc trà sữa và tạo bọt.</li>\r\n    <li>Công thức làm các loại thạch, hạt trân châu homemade sao cho có độ dẻo, độ dai mà không sử dụng hóa chất hoặc sản phẩm đóng gói sẵn.</li>\r\n    <li>Công thức làm kem bọt sữa - milk foam.</li>\r\n</ul>\r\n<p>Một số ý tưởng sáng tạo trang trí thành phẩm một ly trà sữa hoàn chỉnh.</p>\r\n<p>Các sự cố hay gặp phải trong quá trình làm và hoàn thiện sản phẩm.</p>\r\n\r\n<b>Phù hợp với</b>\r\n<ul>\r\n    <li>Những người có kế hoạch kinh doanh trong lĩnh vực ăn uống.</li>\r\n    <li>Dành cho người đi học và đi làm (bà nội trợ, chị em văn phòng, sinh viên yêu thích công việc pha chế).</li>\r\n\r\n</ul>', 199000, 4);
INSERT INTO `products` VALUES (34, 'Trở thành phù thủy pha chế ngay tại nhà', 'Khóa học Bartender cơ bản', '<p>Trong khóa học các bạn sẽ được giới thiệu:</p>\r\n<ul>\r\n    <li>Quầy bar là gì?</li>\r\n    <li>Có những mô hình quầy bar như thế nào?</li>\r\n    <li>Bartender là ai? Kĩ năng của bartender cần có là gì?</li>\r\n    <li>Những dụng cụ cần thiết có trong quầy bar.</li>\r\n    <li>Phân loại các đồ uống, và có những cách pha đồ uống như thế nào?</li>\r\n    <li>Giới thiệu trong khóa học các bạn sẽ được biết và pha các loại đồ như : Sinh tố, nước hoa quả, mocktail, soda Italian , cà phê, trà và cocktail.</li>\r\n</ul>\r\n<b>Lợi ích từ khóa học</b>\r\n<ul>\r\n    <li>Khi tham gia khóa học các bạn có thể áp dụng 100% vào thực tế</li>\r\n    <li>Các bạn sẽ được giới thiệu cũng như hướng dẫn về các món đồ uống dễ làm và những món nước uống cơ bản tại các quán cà phê , nhà hàng.</li>\r\n\r\n</ul>\r\n\r\n<b>Phù hợp với</b>\r\n<ul>\r\n    <li>Dành cho các bạn muốn thử sức khám phá về các loại đồ uống.</li>\r\n    <li>Những bạn có nhu cầu tham gia vào môi trường pha chế, hoặc có thể mở quán Cà Phê đơn giản.</li>\r\n    <li>Các bạn có lòng đam mê và ham học hỏi về các loại đồ uống.</li>\r\n</ul>', 699000, 4);
INSERT INTO `products` VALUES (35, 'Nhập môn Tarot\r\n', 'Có kiến thức về những lá bài Tarot', '<p>Tarot là một hệ thống các lá bài gồm 78 lá với những bức vẽ mang chi tiết hình ảnh, biểu tượng, cổ mẫu hàm chứa nhiều ý nghĩa về triết lý, định nghĩa, tri thức rộng lớn về cuộc đời…</p>\r\n<p>Việc sử dụng Tarot chính là việc giải mã những bí mật ẩn chứa trong những bức tranh ấy nhằm mục đích khai sáng, thiền định, chiêm nghiệm, giải mã, bói toán hay thậm chí là tìm cảm hứng trong cuộc sống.</p>\r\n<p>Ngày nay, chúng ta biết đến Tarot như một công cụ dùng để bói toán, tiên tri nhiều hơn các khía cạnh khác mà nó có thể mang lại. Vì con người luôn khao khát muốn biết trước và làm chủ tương lai trong hầu hết mọi lĩnh vực. Con người có thể và đã từng nói về tương lai bằng mọi thứ: bộ lòng ám khói của những con thú bị xẻ thịt, hình thù của bầy chim bay ngang trời, những viên đá màu, đồng xu tung lên, cặn trà trong tách trà uống cạn… bất cứ thứ gì.</p>\r\n\r\n<b>Lợi ích từ khoá học</b>\r\n<ul>\r\n    Sau khóa học học viên có thể hiểu cơ bản về lịch sử, nguồn gốc và sử dụng được bộ bài Tarot, một trong những loại hình tiên tri mới nhất của nhân loại.\r\n</ul>\r\n\r\n<b>Phù hợp với</b>\r\n<ul>\r\n   <li>Những người có hứng thú và muốn tìm hiểu về tarot</li>\r\n   <li>Những người muốn học tarot nhưng không có thời gian cũng như kinh phí để đi học cái lớp offline</li>\r\n</ul>', 799000, 4);
INSERT INTO `products` VALUES (36, 'Vẽ chân dung sống động như thật chỉ sau 1 tuần', 'Vẽ chân dung bằng bút chì', '<p>Bạn có tin rằng bạn sẽ tự mình vẽ được một bức chân dung thần tượng, bạn bè, người thân… chỉ sau một khóa học 2 tiếng và 1 tuần luyện tập?</p>\r\n<p>Vẽ một bức chân dung không khó, cũng chẳng quá dễ dàng, điều quan trọng là bạn cần học như thế nào. Thầy Trần Bình với kinh nghiệm giảng dạy vẽ nhiều năm, nắm rõ các vướng mắc của những người mới bắt đầu vẽ, sẽ giúp bạn cách học đúng nhất, nhanh nhất, hiệu quả nhất để nhanh chóng làm chủ các kỹ thuật vẽ chân dung căn bản.</p>\r\n<p>Các bạn sẽ được học từ những thứ rất cơ bản: các phương pháp dựng hình, cách dựng hình từng chi tiết, cách lên đậm nhạt bằng chì, cách tả da cổ, da mặt, tả trang phục bằng các nét chì ...</p>\r\n<p>Sau khóa học, các bạn có thể vẽ bất cứ 1 bức chân dung nào mà bạn thích !</p>\r\n\r\n<b>Lợi ích từ khóa học</b>\r\n<ul>\r\n    <li>Làm chủ được cây bút, có thể vẽ chân dung, tĩnh vật..bằng bút chì</li>\r\n    <li>Là 1 trong những hình thức giúp bạn giảm stress hiệu quả sau 1 ngày làm việc căng thẳng</li>\r\n    <li>Có thể trực tiếp vẽ tặng bạn bè người thân 1 bức chân dung ý nghĩa</li>\r\n</ul>\r\n\r\n<b>Phù hợp với</b>\r\n<ul>\r\n    <li>Dành cho những người yêu thích hội họa, muốn tìm hiểu về vẽ, muốn thực hiện được những bức vẽ chân dung đẹp.</li>\r\n    <li>Dành cho những bạn trẻ muốn ôn luyện vẽ chì để tham gia các cuộc thi.</li>\r\n    <li>Những người có nhu cầu học vẽ nhưng lại không có thời gian và điều kiện tới các lớp học trực tiếp.</li>\r\n    <li>Người chưa có kiến thức về hội họa, hoặc những người đã có kiến thức căn bản.</li>\r\n</ul>', 549000, 4);
INSERT INTO `products` VALUES (37, 'ẢO THUẬT CƠ BẢN DÀNH CHO NGƯỜI MỚI BẮT ĐẦU', 'Học những thứ căn bản trong ảo thuật', '<p>Nội dung chính của khóa học: Làm quen ảo thuật cận cảnh, biểu diễn với đạo cụ quen thuộc, đơn giản.</p>\r\n<ul>\r\n    <li>Lộ trình: Tổng quan ảo thuật -> Ảo thuật cận cảnh với những vật dụng quen thuộc -> Ảo thuật chuyên sâu về bài -> Ảo thuật chuyên sâu về đồng xu -> Tổng kết.</li>\r\n    <li>Lợi ích của học viên: nắm được những kĩ thuật cơ bản, được hướng dẫn chi tiết, tỉ mỉ, được sự giúp đỡ trực tiếp từ giảng viên. Mọi thắc mắc sẽ được giải đáp nhanh chóng.</li>\r\n    <li>Phương thức giảng dạy: Minh họa trực tiếp, hướng dẫn chi tiết với đa góc nhìn.</li>\r\n    <li>Khác biệt: Hướng dẫn chi tiết với đa góc nhìn, giảng viên với hơn 9 năm kinh nghiệm, được giải đáp mọi thắc mắc trong suốt quá trình học, video call trực tiếp với giảng viên để được giải đáp.</li>\r\n\r\n</ul>\r\n<b>Lợi ích từ khóa học</b>\r\n<ul>\r\n    <li>Sau khóa học, học viên có thể biểu diễn được những màn ảo thuật cận cảnh, nắm được tổng quan kiến thức về ảo thuật.</li>\r\n    <li>Ngoài kĩ năng về ảo thuật, học viên còn có thể nâng cao kĩ năng giao tiếp với đám đông, thuyết trình với đám đông, tăng thêm độ quyến rũ cho bản thân, tự tin về bản thân.</li>\r\n\r\n</ul>\r\n\r\n<b>Phù hợp với</b>\r\n<ul>\r\n    <li>Dành cho mọi độ tuổi, những người có niềm đam mê với ảo thuật hoặc những người muốn biết thêm tài lẻ.</li>\r\n    <li>Dành cho lĩnh vực ảo thuật.</li>\r\n    <li>Dành cho người mới bắt đầu, chưa biết hoặc mới làm quen với ảo thuật.</li>\r\n</ul>', 449000, 4);
INSERT INTO `products` VALUES (38, 'Yoga 5 ngày thư giản giúp tâm hồn thanh thản', 'Trọn bộ 5 ngày thư giản với Yoga giúp bạn có tinh thần thanh thản', '<p>Trong thời buổi dịch bệnh COVID19 đang tạo ra nhiều lo âu và hỗn loạn, Brian thiết kế bài tập này với mục đích duy nhất giúp bạn tập luyện an toàn tại nhà, cải thiện sức khỏe, nâng cao miễn dịch để sống vui, sống khỏe. Đây là khoá Yin Yoga đầu tiên và duy nhất tại FPT Play, bạn đừng bỏ lỡ cơ hội tận hưởng lớp học dành cho những giấc ngủ và sắc đẹp này nhé!</p>\r\n\r\n<b>Lợi ích từ khóa học</b>\r\n<ul>\r\n    <li>Giúp tinh thần thoả mái, ngủ ngon hơn</li>    \r\n    <li>Kéo căn cơ, giãn cơ giúp bạn có sức khoẻ tốt hơn với những bài tập đơn giản</li>\r\n\r\n</ul>\r\n\r\n\r\n<b>Phù hợp với</b>\r\n<ul>\r\n    Tất cả mọi lứa tuổi\r\n</ul>   ', 899000, 4);
INSERT INTO `products` VALUES (39, 'ỨNG PHÓ VÀ GIẢI TỎA STRESS TỪ A - Z', 'Biết cách ứng phó khi gặp stress', '<p>Stress - kẻ sát nhân giấu mặt</p>\r\n<p>Chứng trầm cảm hay còn gọi là Stress là một dạng bệnh lý về tâm thần, đang dần trở nên phổ biến trong xã hội ngày nay. Một số chuyên gia tin rằng stress có thể dẫn tới 50% các căn bệnh mà con người mắc phải như ung thư, tim mạch, đột quỵ, tăng huyết áp, tiểu đường, các dạng loét, béo phì, mất trí nhớ, các bệnh tự miễn, các vấn đề về tuyến giáp, vô sinh, các bệnh về da như chàm, vẩy nến.</p>\r\n<p>Người bị stress ở mức độ nặng luôn có ý định tự tự hoặc sẽ tự tử gây ra vô số hệ lụy cho bệnh nhân, gia đình và xã hội.</p>\r\n<p>Theo khảo sát, ở Việt Nam con số người bị trầm cảm dẫn đến tự tử là khoảng 100 người/ngày, tương đương 36.000-40.000 người/năm. Số này cao gấp 3 con số người chết vì tại nạn giao thông.</p>\r\n<p>Điều nguy hiểm là có đến hai phần ba bản thân người bị stress và người thân không biết là họ bị bệnh, không được phát hiện và điều trị kịp thời dẫn đến việc nhiều người chọn cho mình cái chết.</p>\r\n<p>Có rất nhiều nguyên nhân gây ra stress do áp lực trong học hành, công việc, chuyện gia đình, các mối quan hệ, các yếu tố môi trường, công nghệ v.v. Stress có thể xảy ra với bất kỳ ai nhưng lứa tuổi phổ biến nhất là 18-45 tuổi.</p>\r\n<p>Stress có thể xảy ra bất cứ lúc nào, vì không ai có thể biết trước được những khó khăn, thách thức, các vấn đề, thậm chí những sức ép, những biến cố và cả những mất mát gì sẽ chờ mình ở phía trước.</p>\r\n<p>Nhưng chắc chắn rằng, nếu như bạn có sự hiểu biết nhất định về căn bệnh này, có chuẩn bị chu đáo, kỹ càng để bình tĩnh đón nhận tất cả những điều tồi tệ nhất, thì dù có vấn đề gì xảy ra, bạn vẫn an nhiên tự tại để vững vàng vượt qua mọi sóng gió của cuộc đời.</p>\r\n<p>Hãy biết càng sớm thì càng tốt chứ đừng để hối hận thì đã muộn.</p>\r\n\r\n<b>Lợi ích từ khóa học</b>\r\n<ul>\r\n    Sau khi kết thúc khóa học, học viên sẽ:\r\n    <li>Có hiểu biết cơ bản về stress, nhận diện các dấu hiệu, các loại stress và các nguyên nhân, từ đó biết mình có bị stress hay không.</li>\r\n    <li>Hiểu được tại sao khóa học cần thiết với mình và người thân.</li>\r\n    <li>Nhận thức được hậu quả trầm trọng của stress đối với sức khỏe và mọi mặt đời sống.</li>\r\n    <li>Biết các cách thức ứng phó và giải tỏa stress tốt nhất để tự bảo vệ mình khỏi stress và phòng ngừa bệnh này từ khi nó chưa xuất hiện.</li>\r\n    <li>Biết sắp xếp tổ chức công việc và cuộc sống có kế hoạch hơn, quản lý thời gian và tài chính tốt hơn.</li>\r\n    <li>Biết cách để sống khỏe mạnh, hạnh phúc và thành công hơn.</li>\r\n</ul>\r\n\r\n<b>Phù hợp với</b>\r\n<ul>\r\n    <li>Phụ nữ, người hay lo lắng.</li>\r\n    <li>Người gặp khó khăn trong công việc và cuộc sống.</li>\r\n    <li>Người gặp vấn đề về sức khỏe, tiền bạc, việc làm, kinh doanh.</li>\r\n    <li>Người sắp hoặc đã lập gia đình và có các vấn đề mâu thuẫn gia đình.</li>\r\n    <li>Người có con nhỏ, người sắp sinh con.</li>\r\n    <li>Người hay ốm đau, đang có bệnh mãn tính hoặc bệnh nan y.</li>\r\n    <li>Người làm lãnh đạo quản lý, người làm chức vụ cao.</li>\r\n</ul>\r\n', 399000, 4);
INSERT INTO `products` VALUES (40, 'COVID-19 - Bí kíp phòng và chống dịch cho toàn dân', 'Cung cấp những thông tin cơ bản và đầy đủ nhất về bệnh COVID19 và đặc điểm vi rút SARS-CoV-2 cũng nh', '<p>Trước tình hình diễn biến phức tạp của sự lây lan virus COVID-19, Để có thể phòng chống tốt dịch bệnh, trước tiên chúng ta cần một sự bình tĩnh và đoàn kết của toàn dân. Tiếp đó là những kiến thức cần được trang bị đầy đủ, kịp thời cho người dân để mọi người đều có ý thức phòng chóng sự lây nhiễm cho chính mình và cho cộng đồng.</p>\r\n<p>Trong toàn bộ chương trình này, chúng ta sẽ đi vào tìm hiểu 3 nội dung chính:</p>\r\n<p>Phần 1: Virus NCOV, nguồn gốc và cách thức lây bệnh của virus này là gì?</p>\r\n<p>Phần 2: Thực hiện biện pháp phòng tránh theo khuyến cáo của Bộ Y tế và Tổ chức y tế thế giới (WHO) như thế nào?</p>\r\n<p>Phần 3: Làm sao để có sức khỏe tốt, tinh thần tốt trong mùa dịch?</p>\r\n\r\n<b>Lợi ích từ khóa học</b>\r\n<ul>\r\n    <li>Cung cấp những thông tin cơ bản và đầy đủ nhất về bệnh COVID19 và đặc điểm vi rút SARS-CoV-2 cũng như những biện pháp phòng chống dịch</li>\r\n    <li>Hiểu biết về đặc điểm của bệnh, về vi rút và các biện pháp phòng chống để góp phần chống dịch cũng như dự phòng cho bản thân và gia đình tốt hơn</li>\r\n</ul>\r\n\r\n<b>Phù hợp với</b>\r\n<ul>\r\n    Toàn thể người dân\r\n</ul>', 399000, 4);
INSERT INTO `products` VALUES (41, 'Phong thủy ứng dụng\r\n', 'Phong thủy cơ bản - Phong thủy doanh nghiệp - Phong thủy hướng nghiệp', '<p>Khóa học này giúp cho các bạn hiểu bài ngay trên khóa học,áp dụng ngay khi hoc hoàn thành và có được những quyết định táo bạo thành công khi đưa vào thực tiễn ,giúp chúng ta luôn tự tin khi khởi nghiệp và điều hành công việc ,cuộc sống sẽ tươi đẹp hơn ,ý nghĩa hơn.</p>\r\n<p>Khóa học sẽ giúp bạn</p>\r\n<ul>\r\n    <li>Thông hiểu về thế nào là thiên can, địa chi</li>\r\n    <li>Hiểu thế nào về bản trạch, luật giải trạch</li>\r\n    <li>Hiểu về bản mệnh của bản thân , màu sắc chủ đạo</li>\r\n    <li>Áp dụng phong thủy để chọn đối tác làm ăn ,đồng nghiệp ,chọn màu sắc chủ đạo cho doanh nghiệp,cho sản phẩm ,cho logo....vvvv</li>\r\n    <li>Hiểu thêm về cách xem phong thủy qua 2 ví dụ thực tế</li>\r\n</ul>\r\n\r\n<b>Lợi ích từ khóa học</b>\r\n<ul>\r\n    <li>Áp dụng ngay cho bản thân, gia đình, đồng nghiệp, bạn bề, khởi nghiệp</li>\r\n    <li>Thay đổi mô hình kinh doanh,lựa chọn bày biện nhà của, phòng ngủ, phòng bếp, phòng làm việc, của hàng kinh doanh,công ty</li>\r\n    <li>Áp dụng đúng sẽ thường xuyên gặp nhiều may mắn, thuận lợi và phát triển bền vững.</li>\r\n</ul>\r\n\r\n<b>Phù hợp với</b>\r\n<ul>\r\n    Người độ tuổi từ 18-40\r\n</ul>', 599000, 5);
INSERT INTO `products` VALUES (42, 'Phong thủy thực hành', 'Phong thủy thực hành trong gia đình, kinh doanh và quản lý', '<p>Trong cuộc sống của nhân loại từ cổ chí kim vẫn luôn tồn tại nhiều điều huyền bí mà cho đến ngày nay khoa học vẫn chưa giải thích nổi.</p>\r\n<p>Tại sao có những đôi vợ chồng đang sống hạnh phúc mà vừa dọn vào căn nhà mới chưa đầy sáu tháng là đã chia tay?</p>\r\n<p>Tại sao có những gia đình con cái đang học hành ngoan ngoãn, bỗng nhiên trở nên hư hỏng sau khi cha mẹ làm thêm một cái toilet ở hướng tây căn nhà?</p>\r\n<p>Tại sao có những người chỉ dời cái bàn làm việc qua một hướng khác thì công việc đang gặp nhiều khó khăn bỗng nhiên trở nên dễ dàng tốt đẹp hơn?</p>\r\n<p>Tại sao có những cơ sở thương mại cứ sáu tháng một năm lại đổi chủ một lần?</p>\r\n<p>Tất cả điều đó có phải là ngẫu nhiên hoàn toàn?</p>\r\n<p>Ở phương Đông việc xây dựng nơi cư trú luôn được coi như một việc hệ thống có liên quan đến vận mệnh của gia chủ. Chính vì vậy người ta thường phải nhờ đến sự trợ giúp của những người có biệt tài về điều này - đó là những thầy phong thủy, mà như Việt Nam ta thường gọi là những thầy địa lý. Những người này có thể căn cứ vào bản mệnh của gia chủ để chọn thế đất, hướng nhà... tạo một nơi ở đảm bảo cho sự an toàn, sức khoẻ và hưng thịnh của chủ nhân.</p>\r\n<p>Việc đúng sai như thế nào thì chỉ có chủ nhân căn nhà mới có thể chiêm nghiệm được. Nhưng dân gian Việt Nam đã từng có câu \"có kiêng làm lành\". Vậy thì mất gì mà ta không cẩn thận, trước mắt cũng là để giải quyết vấn đề tâm lý.</p>\r\n<p>Khoá học Phong thủy Thực hành trong Kinh doanh và đời sống gia đình sẽ giúp bạn hiểu rõ hơn về môn phong thủy, là chìa khoá giúp các bạn tham khảo và mở cánh cửa bí mật của những điều còn đang thắc mắc kia.\r\n\r\n    Hệ thống lại kiến thức phong thủy một cách bài bản, chính tông</p>\r\n<p>Phương pháp tiếp cận trực quan, khoa học</p>\r\n\r\n<b>Lợi ích từ khóa học</b>\r\n<ul>\r\n    <li>Học viên tự mình vận dụng kiến thưc phong thủy để RA QUYẾT ĐỊNH trong hành xử, gia đình, công việc, kinh doanh, quản lý</li>\r\n    <li>Giúp gia chủ vận dụng phong thủy để điều hòa các xung đột tình cảm, kích hoạt học hành, sinh con hợp tuổi, hóa giải xung khắc gia trạch, tối ưu thờ cúng, lựa chọn nghề nghiệp, phương tiện và phục trang phù hợp...</li>\r\n    <li>Đối với khóa học \"Phong thủy Thực hành trong Kinh doanh và Quản lý\" sẽ giúp người học biết được những ảnh hưởng của Thái tuế, từ đó điều chỉnh hành vi kinh doanh, tự bấm được ngày giờ khởi sự, phương vị tài lộc, tìm được quý nhân, chuyển họa vi phúc, chuyển tai vi tường, xây dựng được đội ngũ làm việc hợp tuổi...</li>\r\n\r\n</ul>\r\n\r\n<b>Phù hợp với</b>\r\n<ul>\r\n    <li>Gia chủ, là người lớn trong gia đình.</li>\r\n    <li>Người chủ doanh nghiệp, chủ cửa hàng, các cán bộ quản lý</li>\r\n    <li>Những người đang có nhu cầu phát triển sự nghiệp, thăng tiến, thay đổi phong thuỷ.</li>\r\n</ul>', 499000, 5);
INSERT INTO `products` VALUES (43, 'Tử vi cho người chưa biết gì', 'Biết được các kiến thức căn bản', '<p>Tử vi cho người chưa biết gì.</p>\r\n<p>Thành thạo Tử vi, dễ dàng luận đoán từ con số 0.</p>\r\n<p>Thành thạo kiến thức căn bản.</p>\r\n<p>Thành thạo an sao trên lòng bàn tay.</p>\r\n<p>Chuẩn bị vững kiến thức để luận đoán chính xác nhất.</p>\r\n\r\n<b>Lợi ích từ khóa học</b>\r\n<ul>\r\n    <li>Nhằm tạo ra 1 cộng đồng Tử vi vững mạnh.</li>\r\n    <li>Nghiên cứu Tử vi 1 cách khoa học nhất.</li>\r\n</ul>\r\n<b>Phù hợp với</b>\r\n<ul>\r\n    <li>Dành cho người có đam mê Tử vi.</li>\r\n    <li>Không cần trình độ học vấn không cần có căn số.</li>\r\n    <li>Các bạn có nhu cầu nghiên cứu nghiêm túc về bộ môn huyền học này.</li>\r\n    <li>Các bạn có ý nghĩ cải tạo số Mệnh.</li>\r\n    <li>Những người có trí nhớ không tốt muốn tìm 1 phương pháp học phù hợp nhất.</li>\r\n</ul>', 899000, 5);
INSERT INTO `products` VALUES (44, 'Ứng dụng phong thủy trong xây dựng mồ mả', 'Khóa học này chuyên sâu về Phong Thủy Âm Trạch, xây dựng mồ mả', '<p>Khóa học gồm có 7 chương được chia thành 25 bài giảng, trong đó có 1 bài mở đầu, 1 bài kết thúc, còn lại 23 bài là những nội dung hết sức ngắn gọn nhưng chắt lọc đầy đủ những kiến thức lý luận về phương pháp tìm đất đặt mộ của cổ nhân đúc kết quả hàng nghìn năm và cách vận dụng những kiến thức ấy vào việc xây dựng mộ trong thời đại ngày nay sao cho phù hợp với phong tục, với truyền thống nhưng vẫn đạt được tính thẩm mỹ và tính hiện đại. Phần hướng dẫn thực hiện rất tỉ mỉ đến từng chi tiết như: Cách chọn hướng mộ, các kiểu mộ, các vật liệu xây mộ, cách chọn kích thước mộ, thời gian nào thì phù hợp với việc cải tạo, tu sửa mộ, thời gian nào thì thích hợp với việc cải táng hay di dời quy tập mộ và cả đến hướng dẫn thủ tục động thổ, thủ tục sang cát, thủ tục di dời quy tập mộ, trong đó có cả các mẫu văn khấn cùng với cách thực hiện những nghi lễ cúng Thần linh hay vong linh tại mộ.</p>\r\n\r\n<b>Lợi ích từ khóa học</b>\r\n<ul>\r\n    <li>Giúp cho người học có hiểu biết về Phong thủy Âm Trạch và tầm quan trọng của Mồ mả tổ tiên đối với sức khỏe, công danh sự nghiệp của con cháu.</li>\r\n    <li>Khi học xong khóa học, người học có thể tự mình làm hoặc lên kế hoạch thực hiện tất cả các mọi công đoạn trong quá trình tìm đất đặt mộ, quy trình xây dựng mộ, quy trình di dời quy tập mộ mà không cần phải nhờ thầy cúng, thầy bói.</li>\r\n</ul>\r\n\r\n<b>Phù hợp với</b>\r\n<ul>\r\n    Khóa học này dành cho những người quan tâm đến Phong thủy Âm Trạch, những người sắp phải sang cát cho người thân, những người có ý muốn di dời quy tập mộ của gia đình hay dòng họ...\r\n</ul>', 1399000, 5);
INSERT INTO `products` VALUES (45, 'Nghệ thuật hoa phong thủy', 'Chiêu tài, nạp phúc, cầu bình an', '<p>Hoa tươi không chỉ làm đẹp cho cuộc sống, nếu biết cắm hoa hợp với phong thủy còn giúp gia chủ chiêu tài, nạp phúc, rước bình an. Khi cắm hoa tươi trước tiên ta cần phải hiểu được ý nghĩa của loài hoa đó và đặt vào những vị trí thích hợp sẽ mang lại hiệu quả phong thủy rất tốt.</p>\r\n<p>Khóa học này sẽ hướng dẫn chi tiết về cách chọn màu phù hợp với mệnh, hướng nhà và vị trí trưng bày giúp gia chủ rước lộc vào nhà được bình an và may mắn. Khóa học cũng hướng dẫn cách chọn loại hoa phù hợp với người được tặng.</p>\r\n\r\n<b>Lợi ích từ khoá học</b>\r\n<ul>\r\n    <li>Tự tin cắm hoa dâng gia tiên.</li>  \r\n    <li>Biết cách cắm hoa phòng khách, ngôi nhà cho thêm sinh động, góp phần nâng cao tinh thần và sức khỏe.</li>\r\n    <li>Biết thêm về văn hóa phong thủy, màu sắc hợp mệnh, hợp hướng nhà và vị trí trưng bày.</li>\r\n</ul>\r\n\r\n<b>Phù hợp với</b>\r\n<ul>\r\n   <li>Những người yêu thích hoa.</li>\r\n   <li>Những người muốn cắm hoa cho gia chủ phát tài, bình an.</li>\r\n   <li>Những người muốn tìm hiểu phong thủy.</li>\r\n   <li>Những người muốn tìm hiểu văn hóa tặng hoa.</li>\r\n   <li>Những người muốn nâng cao trình độ cắm hoa cơ bản.</li>\r\n</ul>', 1199000, 5);
INSERT INTO `products` VALUES (46, 'Nhân tướng học căn bản', 'Hiểu chính mình, hiểu người khác', '<p>Thành công thật ra là hiểu mình và hiểu người liên quan đến mình. Vì thế bạn muốn thành công, đặc biệt nếu bạn làm nhân sự, quản lý và muốn trở thành người quản lý thì bạn phải đọc vị được người đối diện.\r\n\r\n    Bạn có cơ hội tương tác trực tiếp cùng với các chuyên gia đồng thời bạn được tải về các nội dung quan trọng được các chuyên gia tư vấn quản trị doanh nghiệp nghiên cứu, chắt lọc gọn để bạn tra cứu nhanh rất có giá trị.</p>\r\n\r\n<b>Lợi ích từ khóa học</b>\r\n<ul>\r\n    <li>Người học hiểu rõ bản thân, biết cách rèn luyện bản thân.</li>\r\n    <li>Đọc vị người đối diện.</li>\r\n    <li>Tuyển được đội ngũ phù hợp.</li>\r\n</ul>\r\n\r\n<b>Phù hợp với</b>\r\n<ul>\r\n    Mọi người có nhu cầu tìm hiểu về nhân tướng học cơ bản\r\n</ul>', 249000, 5);
INSERT INTO `products` VALUES (47, 'NHÂN TƯỚNG HỌC ỨNG DỤNG', 'Tìm hiểu sâu hơn về nhân tướng học', '<p>“Nhân tướng học” là bộ môn cổ học phương Đông hàng đầu giúp đọc vị con người, nhưng lại khó ghi nhớ, học thuộc. Vinus sử dụng cách chia cấu trúc phương Tây tạo ra khoá học nhân tướng có hệ thống logic, dễ nhớ, dễ vận dụng hiệu quả trong giao tiếp hiện đại</p>\r\n<p>Chúng tôi đã mất hơn 10 năm nghiên cứu và bạn chỉ mất vài giờ để học.\r\n\r\n    Còn chần chờ gì nữa, hãy dành ra vài phút mỗi ngày - ngay từ bây giờ - để thay đổi cuộc đời của bạn mãi mãi: Hạnh phúc hơn trong tình yêu và thành công hơn trong sự nghiệp.</p>\r\n\r\n<b>Lợi ích từ khóa học</b>\r\n<ul>\r\n    <li>Người học hiểu rõ bản thân, biết cách rèn luyện bản thân.</li>\r\n    <li>Đọc vị người đối diện.</li>\r\n</ul>\r\n\r\n<b>Phù hợp với</b>\r\n<ul>\r\n    <li>Những người thực sự muốn áp dụng nhân tướng học vào cuộc sống hàng ngày, đặc biệt trong giao tiếp.</li>\r\n    <li>Những người có nhu cầu thấu hiểu bản thân và tìm ra hướng đi trong nghề nghiệp.</li>\r\n    <li>Những người thường xuyên làm các công việc phải giao tiếp, quản trị con người như: nhân sự, bán hàng, giám đốc.</li>\r\n    <li>Những người mới bắt đầu tìm hiểu các bộ môn cổ học phương Đông.</li>\r\n</ul>', 749000, 5);
INSERT INTO `products` VALUES (48, 'Tự xem lá số Tử Vi chỉ sau 90 phút nghe giảng', 'Học nhanh chóng, thực hành dễ dàng', '<p>Khóa học sẽ giúp bạn không chỉ hiểu được bản thân để tận dụng khả năng có sẵn, chẳng hạn hợp với ngành thời trang nhưng lại nghe gia đình thi vào ngân hàng, lãng phí tố chất, mà còn hiểu được người khác để biết giao tiếp hợp lý, để có khả năng ảnh hưởng tích cực đến cuộc sống chính mình.</p>\r\n\r\n<b>Lợi ích khóa học</b>\r\n<ul>\r\n    <li>Tự tin hơn trong quyết định cuộc sống.</li>\r\n    <li>Có thêm lợi thế về giao tiếp.</li>\r\n    <li>Thêm hiểu biết về nhân sự trong doanh nghiệp.</li>\r\n</ul>\r\n\r\n<b>Phù hợp với</b>\r\n<ul>\r\n   <li>Thanh niên trẻ tuổi từ 18-25.</li>\r\n   <li>Người đi làm từ 25-40 tuổi.</li>\r\n   <li>Giúp người trẻ tuổi có thêm hiểu biết về bản thân, giúp định hướng nghề nghiệp.</li>\r\n   <li>Người đi làm có thể ứng dụng vào việc tìm hiểu đối tác, phát triển kỹ năng nhân sự hoặc giao tiếp.</li>\r\n</ul>', 399000, 5);
INSERT INTO `products` VALUES (49, 'Xem đường chỉ tay', 'Khóa học hướng dẫn cách xem chỉ tay', '<p>Giới thiệu về thuật xem chỉ tay và giới thiệu khái quát về thông tin các đường cơ bản trên tay (Đường Sinh Mệnh, Đường Trí Tuệ, Đường Vận thế, Đường sự nghiệp, Đường tình cảm, đường công danh, đường hôn nhân).</p>\r\n\r\n<b>Lợi ích từ khóa học</b>\r\n<ul>\r\n   <li>Hiểu mình Hiểu Người, trăm trận trăm thắng, ứng dụng trong việc lựa chọn người vào các công việc cụ thể.</li>\r\n   <li>Khóa học xem chỉ tay nhằm hướng dẫn những bạn muốn học muốn tìm hiểu bộ môn xem chỉ tay có được phương pháp cách thức để tự xem chỉ tay cho mình, cho người thân để tự hiểu mình, hiểu người.</li>\r\n\r\n</ul>\r\n\r\n\r\n<b>Phù hợp với</b>\r\n<ul>\r\n    Mọi đối tượng quan tâm đến chỉ tay, tướng số.\r\n</ul>   \r\n\r\n', 649000, 5);
INSERT INTO `products` VALUES (50, 'Định vị bản thân qua sinh trắc vân tay', 'Khóa học cung cấp những kiến thức về vân tay', '<p>Những người thành công và giàu có là những người may mắn sớm nhận ra khả năng thiên bẩm của mình. Vậy bạn đã thực sự hiểu bản thân mình? Bạn đã thực sự biết sở trường và tài năng của mình? Nếu bạn khám phá ra tài năng của bản thân và phát triển, bồi dưỡng nó thì bạn sẽ có những đột phá trong công việc và sự nghiệp của bản thân mình.</p>\r\n<p>Thông qua sinh trắc học vân tay - một ngành khoa học nghiên cứu về mối liên hệ giữa cấu trúc não bộ, sự phân bố các noron thần kinh với vân tay của mỗi người. Bạn sẽ có khả năng đọc vị người đối diện và giao tiếp với người đối diện. Bạn có khả năng tương tác với đồng nghiệp, người yêu, vợ chồng và hiểu con cái mình hơn.\r\n\r\n    Khóa học “Khám phá bản thân qua sinh trắc vân tay” sẽ giúp bạn hiểu về bản thân mình. Bạn sẽ có khả năng đọc tính cách của người thân, đồng nghiệp và những người thân yêu như vợ chồng và con cái. Khóa học sẽ giúp bạn tìm được công việc phù hợp với tình cách bẩm sinh của bạn. Nếu bạn là chủ doanh nghiệp hay lãnh đạo đội nhóm bạn sẽ biết cách phân công đúng người, đúng việc giúp cho bạn có một đội nhóm vững mạnh và đoàn kết.</p>\r\n<p>Xã hội ngày nay nếu bạn muốn thành công bạn phải trở thành chuyên gia trong lĩnh vực của bạn. Có rất nhiều bạn trẻ khi chọn trường chọn ngành không thực sự biết mình muốn gì, mình có khả năng ra sao, nên thực trạng là phần lớn những sinh viên tốt nghiệp làm trái ngành trái nghề và họ không thực sự yêu thích công việc của họ.</p>\r\n<p>Một người có rất nhiều điểm yếu nhưng điểm mạnh thì không nhiều nên thay vì tập trung khắc phục nhược điểm bạn hãy tập trung phát triển những sở trường và thế mạnh của mình.</p>\r\n\r\n<b>Lợi ích từ khóa học</b>\r\n<ul>\r\n   <li>Bạn sẽ hiểu được chính bản thân mình</li>\r\n   <li>Giúp bạn tìm công việc phù hợp với tính cách của bản thân</li>\r\n   <li>Giúp bạn thấu hiểu và đọc vị tính cách của mình và giao tiếp tốt với người khác.</li>\r\n   <li>Giúp bạn tương tác với khách hàng, vợ chồng con cái và đồng nghiệp và bạn bè của bạn.</li>\r\n   <li>Giúp bạn tìm ra môi trường phù hợp để phát triển bản thân mình.</li>\r\n</ul>\r\n\r\n<b>Phù hợp với</b>\r\n<ul>\r\n    <li>Các bạn học sinh đang cần định hướng nghề nghiệp.</li>\r\n    <li>Các bậc cha mẹ quan tâm đến con cái và muốn biết thế mạnh của con để đâu tư đúng hướng giúp tiết kiệm thời gian và tiền bạc.</li>\r\n    <li>Chủ doanh nghiệp, lãnh đạo đội nhóm muốn phân công công việc đúng người đúng việc.</li>\r\n    <li>Giáo viên và các tổ chức giáo dục muốn thiết kế chương trình học phù hợp với học sinh của mình.</li>\r\n    <li>Các cá nhân muốn khám phá chính bản thân mình chọn nghề nghiệp phù hợp và định hướng tương lai.</li>\r\n</ul>\r\n', 199000, 5);

-- ----------------------------
-- Table structure for userrefreshtokenext
-- ----------------------------
DROP TABLE IF EXISTS `userrefreshtokenext`;
CREATE TABLE `userrefreshtokenext`  (
  `ID` int(11) NOT NULL,
  `refreshToken` varchar(255) CHARACTER SET utf8 COLLATE utf8_unicode_ci NOT NULL,
  `rdt` datetime(6) NOT NULL,
  PRIMARY KEY (`ID`) USING BTREE
) ENGINE = InnoDB CHARACTER SET = utf8 COLLATE = utf8_unicode_ci ROW_FORMAT = Dynamic;

-- ----------------------------
-- Table structure for users
-- ----------------------------
DROP TABLE IF EXISTS `users`;
CREATE TABLE `users`  (
  `id` int(11) NOT NULL AUTO_INCREMENT,
  `username` varchar(50) CHARACTER SET utf8 COLLATE utf8_unicode_ci NOT NULL,
  `password` varchar(255) CHARACTER SET utf8 COLLATE utf8_unicode_ci NOT NULL,
  `name` varchar(50) CHARACTER SET utf8 COLLATE utf8_unicode_ci NOT NULL,
  `email` varchar(50) CHARACTER SET utf8 COLLATE utf8_unicode_ci NOT NULL,
  `dob` date NOT NULL,
  `permission` int(11) NOT NULL,
  PRIMARY KEY (`id`) USING BTREE
) ENGINE = MyISAM AUTO_INCREMENT = 36 CHARACTER SET = utf8 COLLATE = utf8_unicode_ci ROW_FORMAT = Dynamic;

-- ----------------------------
-- Records of users
-- ----------------------------
INSERT INTO `users` VALUES (1, 'admin', '$2a$12$JxSKbgDRWGJTVh4Yp5vEy.QCpM0Ob4soDFq3TEu0Db8lAMRpvcdHu', 'administrator', 'admin@gmail.com', '2021-01-06', 1);

SET FOREIGN_KEY_CHECKS = 1;
